type,id,sku,name,urlkey
configurable,4110,hal-1010-cu-c070,"2.52CT CUSHION CUT DIAMOND ENGAGEMENT RING EGL VS1-G",2-52ct-cushion-cut-diamond-engagement-ring-egl-vs1-g,"4647,4648,4649,4650,4651"
configurable,4111,hal-1010-cu-c008,"2.02CT CUSHION CUT DIAMOND ENGAGEMENT RING EGL VS1-G",2-02ct-cushion-cut-diamond-engagement-ring-egl-vs1-g,"4639,4640,4641,4642,4643"
configurable,4112,pav-3005-2.05,"2.05CT CUSHION CUT DIAMOND ENGAGEMENT RING GIA VS2-G",2-05ct-cushion-cut-diamond-engagement-ring-gia-vs2-g,"4443,4444,4445,4446,4447"
configurable,4113,pav-3004-A077,"3.21CT ASSCHER CUT DIAMOND ENGAGEMENT RING EGL VS2-G",3-21ct-asscher-cut-diamond-engagement-ring-egl-vs2-g,"4438,4439,4440,4441,4442"
configurable,4114,pav-3004-A095,"3.11CT ASSCHER CUT DIAMOND ENGAGEMENT RING EGL VS1-I",3-11ct-asscher-cut-diamond-engagement-ring-egl-vs1-i,"4433,4434,4435,4436,4437"
configurable,4120,sid-1100,"2.40 Ct. Princess Cut Diamond Engagement Ring VVS2/H",2-40-ct-princess-cut-diamond-engagement-ring-vvs2-h,"4403,4404,4405,4406,4407"
configurable,4121,SID-1100-PR-2.10,"2.10 Ct. Princess Cut Diamond Engagement Ring 14K G/VVS2",2-10-ct-princess-cut-diamond-engagement-ring-14k-g-vvs2,"4398,4399,4400,4401,4402"
configurable,4122,HAL-1072-RD,"2.40 Ct. Round Brilliant Cut Diamond Halo Engagement Ring H-VS2",2-40-ct-round-brilliant-cut-diamond-halo-engagement-ring-h-vs2,"4393,4394,4395,4396,4397"
configurable,4123,HAL-1072-RD-2.12,"2.12 Ct. Round Brilliant Cut Diamond Halo Engagement Ring F/SI2",2-12-ct-round-brilliant-cut-diamond-halo-engagement-ring-f-si2,"4388,4389,4390,4391,4392"
configurable,4126,WST-1059-CU,"1.90ct Cushion Cut Diamond Pavé Bridal Set GRA H/VS1",1-90ct-cushion-cut-diamond-pave-bridal-set-gra-h-vs1,"4373,4374,4375,4376,4377"
configurable,4128,HAL-PAV-1018a-CU,"2.37ct Cushion-Cut Diamond Halo Engagement Ring GRA H/VS1",2-37ct-cushion-cut-diamond-halo-engagement-ring-gra-h-vs1,"4361,4362,4363,4364,4365"
configurable,4129,sol-5439-cu-1ct-vvs2f,"1.00 Ct. Cushion Cut Diamond Engagement Ring F/VVS2",100-ct-cushion-cut-diamond-engagement-ring-f-vvs2,"4356,4357,4358,4359,4360"
configurable,4130,sol-5439-cu-.8ct-vvs2e,"0.80 Cushion Diamond Engagement Ring Solitaire E/VVS2",0-80-cushion-diamond-engagement-ring-solitaire-e-vvs2,"4351,4352,4353,4354,4355"
configurable,4131,TST-1001w-RA,"1.32 Ct. Radiant Cut Three Stone Diamond Engagement Ring F/VVS1",1-32-ct-radiant-cut-three-stone-diamond-engagement-ring-f-vvs1,"4346,4347,4348,4349,4350"
configurable,4132,TST-1001w-RA-1.51,"1.51ct Radiant Diamond Gold Engagement Ring G/VVS1",1-51ct-radiant-diamond-gold-engagement-ring-g-vvs1,"4341,4342,4343,4344,4345"
configurable,4133,TST-1071-CU,"1.68 Ct. Cushion Cut Diamond Three Stone Engagement Ring I/VVS1",1-68-ct-cushion-cut-diamond-three-stone-engagement-ring-i-vvs1,"4335,4336,4337,4338,4339"
configurable,4134,TST-1071-CU-1.80,"1.80 ct Cushion Trilogy Diamond Engagement Ring F/SI1",1-80-ct-cushion-trilogy-diamond-engagement-ring-f-si1,"4330,4331,4332,4333,4334"
configurable,4135,WST-SID-1037-EM-A,"2.50ct Emerald Cut Diamond Engagement Ring Wedding Band - Bridal Set E/VS2",2-50ct-emerald-cut-diamond-engagement-ring-wedding-band-bridal-set-e-vs2,"4319,4320,4321,4322,4323"
configurable,4136,WST-SID-1037-EM-2.50,"2.50ct Emerald Cut Diamond Ring Wedding Set 14K H/VVS1",2-50ct-emerald-cut-diamond-ring-wedding-set-14k-h-vvs1,"4314,4315,4316,4317,4318"
configurable,4137,tst-tpz-2006-gvvs1,"2.02ct Asscher Cut Diamond Engagement Ring G/VVS1",2-02ct-asscher-cut-diamond-engagement-ring-g-vvs1,"4309,4310,4311,4312,4313"
configurable,4138,tst-tpz-2006-evvs1,"1.81ct Asscher Diamond Engagement Ring 18k Gold E/VS1",1-81ct-asscher-diamond-engagement-ring-18k-gold-e-vs1,"4304,4305,4306,4307,4308"
configurable,4139,HAL-Pav-1008w-PE-2,"2.80 Ct. Pear Cut Diamond Halo Pavé Engagement Ring I/VVS1",2-80-ct-pear-cut-diamond-halo-pave-engagement-ring-i-vvs1,"4299,4300,4301,4302,4303"
configurable,4140,HAL-Pav-1008w-PE-3.30,"3.30 Ct. Pear Cut Diamond Halo Pavé Engagement Ring G/SI1",3-30-ct-pear-cut-diamond-halo-pave-engagement-ring-g-si1,"4294,4295,4296,4297,4298"
configurable,4141,MWB-1068-OV,"1.71 ct. Oval Cut Diamond Wedding Band For Men 18K F/SI1",1-71-ct-oval-cut-diamond-wedding-band-for-men-18k-f-si1,"4289,4290,4291,4292,4293"
configurable,4142,MWB-1068-OV-1.04,"1.04CTW MENS DIAMOND WEDDING BAND 18K WHITE GOLD E/VS2",1-04ctw-mens-diamond-wedding-band-18k-white-gold-e-vs2,"4284,4285,4286,4287,4288"
configurable,4143,MWB-1068-1.71,"1.71ct Oval Diamond Wedding Ring For Men 18k Gold F/SI1",1-71ct-oval-diamond-wedding-ring-for-men-18k-gold-f-si1,"4279,4280,4281,4282,4283"
configurable,4144,HAL-PAV-1002-EM-1.72,"1.72 ct. Emerald Diamond Pavé Engagement Ring D/VS1",1-72-ct-emerald-diamond-pave-engagement-ring-d-vs1,
configurable,4145,MWB-1067-PR,"1.92ct Princess Cut Mens Diamond Wedding/Anniversary Band F/SI1",1-92ct-princess-cut-mens-diamond-wedding-anniversary-band-f-si1,"4264,4265,4266,4267,4268"
configurable,4146,MWB-1067-PR-2.09,"2.09 CTW. HIS DIAMOND WEDDING BAND 18K WHITE GOLD F/SI1",2-09-ctw-his-diamond-wedding-band-18k-white-gold-f-si1,"4259,4260,4261,4262,4263"
configurable,4147,HAL-1065-PR,"1.39ct Princess Cut Diamond Halo Engagement Ring G/SI2",1-39ct-princess-cut-diamond-halo-engagement-ring-g-si2,"4254,4255,4256,4257,4258"
configurable,4148,HAL-1065-PR-1.63,"1.63ct Princess Cut Diamond Engagement Ring 14K F VS2",1-63ct-princess-cut-diamond-engagement-ring-14k-f-vs2,"4249,4250,4251,4252,4253"
configurable,4149,SOL-1001-RD-A,"1.00 Ct. Brilliant Round Cut Diamond Solitaire Engagement Ring D/SI1",1-00-ct-brilliant-round-cut-diamond-solitaire-engagement-ring-d-si1,"4244,4245,4246,4247,4248"
configurable,4150,SOL-1001-RD-1.11,"1.11ct Round Cut Diamond Engagement Ring 18K Gold E VS2",1-11ct-round-cut-diamond-engagement-ring-18k-gold-e-vs2,"4239,4240,4241,4242,4243"
configurable,4151,SID-1055-RD,"3.52ct Brilliant Round Cut Diamond Engagement Ring GRA H/VS1",3-52ct-brilliant-round-cut-diamond-engagement-ring-gra-h-vs1,"4234,4235,4236,4237,4238"
configurable,4152,SID-1055-RD-2.42,"2.42ct Round Cut Diamond Engagement Ring",2-42ct-round-cut-diamond-engagement-ring,"4229,4230,4231,4232,4233"
configurable,4155,WST-1054-PR,"2.98ct Princess Cut Diamond Engagement Ring & Wedding Band GRA H/VS2",2-98ct-princess-cut-diamond-engagement-ring-wedding-band-gra-h-vs2,"4214,4215,4216,4217,4218"
configurable,4156,WST-1054-PR-2.08,"2.08ct Princess Diamond Engagement Bridal Ring G/VVS1",2-08ct-princess-diamond-engagement-bridal-ring-g-vvs1,"4209,4210,4211,4212,4213"
configurable,4157,CHA-1053-PR,"2.01ct Princess Cut Diamond Engagement Ring GRA F/VS2",2-01ct-princess-cut-diamond-engagement-ring-gra-f-vs2,"4204,4205,4206,4207,4208"
configurable,4158,CHA-1053-PR-3.12,"3.12ct Princess Diamond Engagement Ring 18K GOLD E/SI1",3-12ct-princess-diamond-engagement-ring-18k-gold-e-si1,"4199,4200,4201,4202,4203"
configurable,4159,CHA-1006-EM,"1.70ct Emerald & Princess Cut Diamond Engagement Ring E/VS2",1-70ct-emerald-princess-cut-diamond-engagement-ring-e-vs2,"4194,4195,4196,4197,4198"
configurable,4160,CHA-1006-EM-1.55,"1.55ct Emerald Princess Diamond Engagement Ring D/VS2",1-55ct-emerald-princess-diamond-engagement-ring-d-vs2,"4190,4191,4192,4193"
configurable,4161,HAL-PAV-1019a-AS-500,"2.22ct Asscher-Cut Diamond Engagement Ring Halo & Pavé Design F/VVS2",2-22ct-asscher-cut-diamond-engagement-ring-halo-pave-design-f-vvs2,"4184,4185,4186,4187,4188"
configurable,4162,HAL-PAV-1019b-AS-500,"2.21ct Asscher-Cut Diamond Engagement Ring Halo G/VVS2",2-21ct-asscher-cut-diamond-engagement-ring-halo-g-vvs2,"4179,4180,4181,4182,4183"
configurable,4163,WST-HAL-5035-CU-1.20ct-hvs2-gra,"2.92ct Cushion-Cut Diamond Pavé Halo Bridal Set GRA Certified H/VS2",2-92ct-cushion-cut-diamond-pave-halo-bridal-set-gra-certified-h-vs2,"4174,4175,4176,4177,4178"
configurable,4164,WST-HAL-5035-CU-2.92,"2.75ct Diamond Engagement Ring Wedding Band EGL F / VS2",2-75ct-diamond-engagement-ring-wedding-band-egl-f-vs2,"4169,4170,4171,4172,4173"
configurable,4165,hal-5312-PR240,"2.35ct Natural Princess Cut Diamond Engagement Ring D-SI2 EGL Certificate",2-35ct-natural-princess-cut-diamond-engagement-ring-d-si2-egl-certificate,"10567,10568,10569,10570,10571"
configurable,4166,HAL-Pav-5039-AS-2.01,"2.01ct Asscher Cut Diamond Engagement Ring 18K F/VS2",2-01ct-asscher-cut-diamond-engagement-ring-18k-f-vs2,"4634,4635,4636,4637,4638"
configurable,4879,ety-6133-1.5ct,"Ladies 1.5 Ct Contoured Common Prong Pave Eternity Anniversary Ring",ladies-1-5-ct-contoured-common-prong-pave-eternity-anniversary-ring,"4880,4881,4882,4883,4884"
configurable,4885,ety-6133-1ct,"Ladies 1 Ct Contoured Common Prong Pave Eternity Anniversary Ring",ladies-1-ct-contoured-common-prong-pave-eternity-anniversary-ring,"4886,4887,4888,4889,4890"
configurable,4891,ety-6078-1.6ct,"Ladies 1.6 Ct Channel Eternity Anniversary Ring",ladies-1-6-ct-channel-eternity-anniversary-ring,"4892,4893,4894,4895,4896"
configurable,4897,ety-6078-2ct,"Ladies 2 Ct Channel Eternity Anniversary Band",ladies-2-ct-channel-eternity-anniversary-band,"4898,4899,4900,4901"
configurable,4903,ety-6078-2.5ct,"Ladies 2.5 Ct Channel Eternity Anniversary Band",ladies-2-5-ct-channel-eternity-anniversary-band,"4904,4905,4906,4907"
configurable,4973,hal-5340-cu-C098,"2.66 Ct. Cushion Cut Diamond Engagement Wedding Ring in Pave Design EGL VVS1-G",2-66-ct-cushion-cut-diamond-engagement-wedding-ring-in-pave-design-egl-vvs1-g,"4974,4975,4976,4977,4978"
configurable,4979,hal-5340-cu-1ct-si1g-eglusa,"1.65 ctw. Natural Cushion Cut Diamond Engagement Wedding Ring SI1-G EGL-USA",1-67-ct-cushion-cut-diamond-engagement-wedding-ring-in-pave-design-egl-certified-vvs1-i,"12310,12311,12312,12313,12314"
configurable,4985,tst-sid-2001-em-1122772355,"2.31ct Emerald Cut Diamond Pavé Channel Engagement Ring GIA I/VS2",2-31ct-emerald-cut-diamond-pave-channel-engagement-ring-gia-i-vs2,"4986,4987,4988,4989,4990"
configurable,5028,tst-tpz-2006-A103,"EGL-USA Asscher Engagement Ring 3-Stone 2.60 ctw",egl-usa-asscher-engagement-ring-3-stone-2-60-ctw,"6775,6776,6777,6778,6779"
configurable,5077,ety-6106-2ct,"Ladies 2 Ct Single Row Shared Prong Pave Eternity Anniversary Ring",ladies-2-ct-single-row-shared-prong-pave-eternity-anniversary-ring,"5078,5079,5080,5081,5082"
configurable,5083,ety-6106-2.5ct,"Ladies 2.5 Ct Single Row Shared Prong Pave Eternity Anniversary Ring",ladies-2-5-ct-single-row-shared-prong-pave-eternity-anniversary-ring,"5084,5085,5086,5087,5088"
configurable,5089,ety-6106-3ct,"Ladies 3 Ct Single Row Shared Prong Pave Eternity Anniversary Ring",ladies-3-ct-single-row-shared-prong-pave-eternity-anniversary-ring,"5090,5091,5092,5093,5094"
configurable,5095,"ety-6106-4ct ","Ladies 4 Ct Single Row Shared Prong Pave Eternity Anniversary Ring",ladies-4-ct-single-row-shared-prong-pave-eternity-anniversary-ring,"5096,5097,5098,5099,5100"
configurable,5101,ety-6106-5ct,"Ladies 5 Ct Single Row Shared Prong Pave Eternity Anniversary Ring",ladies-5-ct-single-row-shared-prong-pave-eternity-anniversary-ring,"5102,5103,5104,5105,5106"
configurable,5261,wbd-4000-40168,"0.62 Ct. Princess Cut Diamond Wedding Ring",0-62-ct-princess-cut-diamond-wedding-ring,"5262,5263,5264,5265,5266"
configurable,5267,wbd-4001-40166,"1.08 Ct. Princess Cut Diamond Wedding Ring",1-08-ct-princess-cut-diamond-wedding-ring,"5268,5269,5270,5271,5272"
configurable,5273,wbd-4002-40128,"1.20 Ct. Designer Round Cut Diamond Bridal Ring",1-20-ct-designer-round-cut-diamond-bridal-ring,"5274,5275,5276,5277,5278"
configurable,5279,wbd-4003-40150,"1.50 Ct. Hidden Set Princess Cut Diamond Anniversary Ring",1-50-ct-hidden-set-princess-cut-diamond-anniversary-ring,"5280,5281,5282,5283,5284"
configurable,5285,wbd-4004-40194,"1.15 Ct. Round & Baguette Diamond Anniversary Ring",1-15-ct-round-baguette-diamond-anniversary-ring,"5286,5287,5288,5289,5290"
configurable,5291,mwhm-4005-19056,"Carved Aztec Design Wedding Band for Him and Her",carved-aztec-design-wedding-band-for-him-and-her,"5292,5293,5294,5295,5296"
configurable,5297,"mwhm-4006-19054 ","Carved Antique Design Wedding Band for Him and Her",carved-antique-design-wedding-band-for-him-and-her,"5298,5299,5300,5301,5302"
configurable,5303,mwhm-4007-19068,"Carved Weave Design Wedding Band for Men & Women",carved-weave-design-wedding-band-for-men-women,"5304,5305,5306,5307,5308"
configurable,5309,mwhm-4007-19016,"Carved Two-Tone Wedding Ring for Men & Women",carved-two-tone-wedding-ring-for-men-women,"5310,5311,5312,5313,5314"
configurable,5315,men-6125-1ct,"1.03ct Men's Round Cut Solitaire Natural Diamond Ring",1-03ct-men-s-round-cut-solitaire-natural-diamond-ring,"5316,5317,5318,5319,5320"
configurable,5321,men-6125-0.80,"0.80ct Men's Round Cut Solitaire Natural Diamond Ring",0-80ct-men-s-round-cut-solitaire-natural-diamond-ring,"5322,5323,5324,5325,5326"
configurable,5339,men-6126-7mm,"7mm Classic Wedding Band for Men",7mm-classic-wedding-band-for-men,"5340,5341,5342,5343,5344"
configurable,5345,men-6173-5mm,"5mm Classic Slightly Domed Wedding Band for Men",5mm-classic-slightly-domed-wedding-band-for-men,"5346,5347,5348,5349,5350"
configurable,5351,whm-6174,"Carved Sine Wave Design Wedding Ring for Women",carved-sine-wave-design-wedding-ring-for-women,"5352,5353,5354,5355,5356"
configurable,5357,men-4010,".26ct Princess Cut Diamond Wedding Ring for Men & Women",26ct-princess-cut-diamond-wedding-ring-for-men-women,"5358,5359,5360,5361,5362"
configurable,5363,her-6175,"3mm Women's Classic Slightly Domed Wedding Band w/ Milgrain",3mm-women-s-classic-slightly-domed-wedding-band-w-milgrain,"5364,5365,5366,5367,5368"
configurable,5369,men-4011,"3.75 Ct. Diamond Wedding Band for Men",3-75-ct-diamond-wedding-band-for-men,"5370,5371,5372,5373,5374"
configurable,5375,men-4012-50203,"2.50 Ct. Mens Diamond Ring Wedding Band",2-50-ct-mens-diamond-ring-wedding-band,"5376,5377,5378,5379,5380"
configurable,5381,men-4013-15104,"1.18 Ct. Diamond Ring For Your Dad (Father's Day Diamond ring)",1-18-ct-diamond-ring-for-your-dad-father-s-day-diamond-ring,"5382,5383,5384,5385,5386"
configurable,5387,mwhm-4014-19088,"Two Tone Hand Made Wedding Ring for Men & Women",two-tone-hand-made-wedding-ring-for-men-women,"5388,5389,5390,5391,5392"
configurable,5393,men-6129,"7mm Classic Wedding Band for Men",7mm-classic-wedding-band-for-men,"5340,5341,5342,5343,5344"
configurable,5394,men-4015-19134,"5mm Hand Carved Wedding Ring for Men & Women",5mm-hand-carved-wedding-ring-for-men-women,"5395,5396,5397,5398,5399,5401,5402,5403,5404,5405"
configurable,5400,men-4016-19136,"5mm Hand Carved Wedding Ring for Men & Women",5mm-hand-carved-wedding-ring-for-men-women,"5395,5396,5397,5398,5399,5401,5402,5403,5404,5405"
configurable,5406,men-6178-cu,"1.00ct Solitaire Natural Diamond Wedding Band for Men",1-00ct-solitaire-natural-diamond-wedding-band-for-men,"5407,5408,5409,5410,5411"
configurable,5412,men-6178-rd,"1.00ct Round Cut Solitaire Natural Diamond Wedding Band for Men",1-00ct-round-cut-solitaire-natural-diamond-wedding-band-for-men,"5413,5414,5415,5416,5417"
configurable,5418,tst-sid-2001-EM-E179,"2.3ct Emerald Cut Diamond Engagement Ring GIA F/VS1",2-3ct-emerald-cut-diamond-engagement-ring-14k-gia-f-vs1,
configurable,5424,tst-sid-2001-em-E161,"2.30 ct Emerald Cut Diamond Engagement Ring GIA G/VVS2",2-30ct-emerald-cut-diamond-engagement-ring-gia-g-vvs2,
configurable,5430,tst-sid-2001-EM-E177,"2.31 ct Pavé Channel Diamond Engagement Ring GIA F/VS2",2-30-ct-emerald-cut-diamond-engagement-ring-gia-g-vvs2,
configurable,5436,tst-sid-2001-EM-E136,"2.31ct Pavé Channel Diamond Engagement Ring GIA G/VS2",2-30-ct-emerald-cut-diamond-engagement-ring-gia-g-vvs2,
configurable,5442,tst-sid-2001-em-E196,"2.31ct Emerald Cut Diamond Engagement Ring EGL G/VS1",2-31ct-emerald-cut-diamond-engagement-ring-gia-g-vs1,
configurable,5443,ear-8000-ps-15550,"3.00 Ct. Princess Cut Solitaire Diamond Stud Earrings VS2-H",3-00-ct-princess-cut-solitaire-diamond-stud-earrings,"5444,5445,5446,5447,5448"
configurable,5449,ear-8000-ps-15548,"2.00 Ct. Princess Cut Diamond Stud Earrings Si2-I",3-00-ct-princess-cut-solitaire-diamond-stud-earrings,"5450,5451,5452,5453,5454"
configurable,5455,ear-8000-ps-15544,"1.44 Ct. Princess Cut Diamond Stud Earrings SI2-I",1-44-ct-princess-cut-diamond-stud-earrings,"5456,5457,5458,5459,5460"
configurable,5461,ear-8001-rd-170431136403,"3.21 Carat Round Brilliant Cut Diamond Stud Earrings I-SI2",3-21-carat-round-brilliant-cut-diamond-stud-earrings,"5462,5463,5464,5465,5466"
configurable,5467,ear-8001-160394177173,"2.16 Carat Round Brilliant Cut Diamond Stud Earrings I-SI2",2-16-carat-round-brilliant-cut-diamond-stud-earrings,"5468,5469,5470,5471,5472"
configurable,5473,ear-8002-160327619119,"1.50 Ct. Round Brilliant Cut Diamond Stud Earrings F-SI1",1-50-ct-round-brilliant-cut-diamond-stud-earrings,"5474,5475,5476,5477,5478"
configurable,5479,ear-8003-em-160394257777,"3.00 Carat Emerald Cut Diamond Stud Earrings VS1-H",3-00-carat-emerald-cut-diamond-stud-earrings,"5480,5481,5482,5483,5484"
configurable,5485,ear-8003-em-15572,"2.40 Ct. Emerald Cut Diamond Stud Earrings VS1-H",2-40-ct-emerald-cut-diamond-stud-earrings,"5486,5487,5488,5489,5490"
configurable,5491,ear-8003-em-15552,"1.10 Ct. Emerald Cut Diamond Stud Earrings VVS1-G",1-10-ct-emerald-cut-diamond-stud-earrings,
configurable,5497,ear-8004-as-50375,"2.06 Ct. Asscher Cut Diamond Stud Earrings VS1-H",2-06-ct-asscher-cut-diamond-stud-earrings,"5498,5499,5500,5501,5502"
configurable,5503,ear-8004-as-50377,"1.52 Ct. Asscher Cut Diamond Stud Earrings VS1-H",1-52-ct-asscher-cut-diamond-stud-earrings,"5504,5505,5506,5507,5508"
configurable,5509,ear-8004-as-22188,"1.40 Ct. Asscher Cut Diamond Stud Earrings VS1-H",1-40-ct-asscher-cut-diamond-stud-earrings,"5510,5511,5512,5513,5514"
configurable,5515,men-8005-rd-160314065597,"0.40ct MEN's SINGLE PRINCESS CUT DIAMOND STUD EARRING",0-40ct-men-s-single-princess-cut-diamond-stud-earring-new,"5516,5517,5518,5519,5520"
configurable,5521,HAL-PAV-1002-CU-C019,"1.96ct Cushion Cut Diamond Engagement Ring EGL USA VS2-J",1-96ct-cushion-cut-diamond-engagement-ring-egl-usa-vs2-j,"5522,5523,5524,5525,5526"
configurable,5527,HAL-PAV-1002-CU-C100,"1.97ct Cushion Cut Diamond Engagement Ring EGL VVS1-I",1-97ct-cushion-cut-diamond-engagement-ring-egl-vvs1-i,"5528,5529,5530,5531,5532"
configurable,5533,HAL-PAV-1002-CU-C068,"2.99ct Cushion Cut Diamond Engagement Ring EGL VS2-I",2-99ct-cushion-cut-diamond-engagement-ring-egl-vs2-i,"5534,5535,5536,5537,5538"
configurable,5539,HAL-1040a-RA-R006,"1.72ct Radiant Cut Diamond Engagement Ring EGL USA VS1-I",1-72ct-radiant-cut-diamond-engagement-ring-egl-usa-vs1-i,"5540,5541,5542,5543,5544"
configurable,5545,hal-5312-PR111,"2.10ct. Princess Cut Diamond Halo Engagement Ring GIA VS1-I",2-10ct-princess-cut-diamond-halo-engagement-ring-gia-vs1-i,"5546,5547,5548,5549,5550"
configurable,5551,hal-5312-PR111B,"2.10ct. Princess Cut Diamond Halo Engagement Ring EGL USA VS2-G",2-10ct-princess-cut-diamond-halo-engagement-ring-egl-usa-vs2-g,"5552,5553,5554,5555,5556"
configurable,5557,hal-5312-PR190,"2.61ct. Princess Cut Diamond Halo Engagement Ring GIA VS2-I",2-61ct-princess-cut-diamond-halo-engagement-ring-gia-vs2-i,"5558,5559,5560,5561,5562"
configurable,5563,hal-5312-PR142,"2.61ct. Princess Cut Diamond Halo Engagement Ring EGL VS1-G",2-61ct-princess-cut-diamond-halo-engagement-ring-egl-vs1-g,"5564,5565,5566"
configurable,5569,HAL-PAV-1002-EM-E196,"1.73 ct Emerald Diamond Pavé Engagement Ring EGL USA VS1-G",1-73-ct-emerald-diamond-pave-engagement-ring-egl-usa-vs1-g,"5570,5571,5572,5573,5574"
configurable,5575,HAL-PAV-1002-EM-E199,"1.73 ct Emerald Diamond Pavé Engagement Ring GIA VS1-H",1-73-ct-emerald-diamond-pave-engagement-ring-gia-vs1-h,"5576,5577,5578,5579,5580"
configurable,5581,HAL-1058-CU-C101,"2.90cttw Cushion Cut Halo Engagement Ring GIA SI2-G",2-90cttw-cushion-cut-halo-engagement-ring-gia-si2-g,
configurable,5587,HAL-1058-CU-C101B,"Art Deco Halo Engagement Rings 2.90cttw Cushion Cut EGL USA",art-deco-halo-engagement-rings-2-90cttw-cushion-cut-egl-usa,
configurable,5593,HAL-1058-CU-C110,"3.18cttw Cushion Cut EGL USA Engagement Ring ",3-18cttw-cushion-cut-egl-usa-engagement-ring,
configurable,5599,HAL-1065-PR-PR111,"2.22cttw Princess Halo Diamond Engagement Ring GIA VS1-I",2-22cttw-princess-halo-diamond-engagement-ring-gia-vs1-i,
configurable,5605,HAL-1065-PR-PR111B,"Art Deco Engagement Rings 2.22cttw Halo Princess Cut EGL USA",art-deco-engagement-rings-2-22cttw-halo-princess-cut-egl-usa,
configurable,5611,HAL-1069-PR-PR111,"2.58ct Princess Cut Diamond Engagement Ring GIA VS1-I",2-58ct-princess-cut-diamond-engagement-ring-gia-vs1-i,"5612,5613,5614,5615,5616"
configurable,5617,HAL-1069-PR-PR111B,"2.58ct Princess Cut Diamond Engagement Ring EGL USA VS2-G",2-58ct-princess-cut-diamond-engagement-ring-egl-usa-vs2-g,"5618,5619,5620,5621,5622"
configurable,5623,HAL-1069-PR-PR190,"3.09ct Princess Cut Diamond Engagement Ring GIA VS2-I",3-09ct-princess-cut-diamond-engagement-ring-gia-vs2-i,"5624,5625,5626,5627,5628"
configurable,5629,HAL-1069-PR-PR142,"3.09ct Princess Cut Diamond Engagement Ring EGL VS1-G",3-09ct-princess-cut-diamond-engagement-ring-egl-vs1-g,"5630,5631,5632,5633,5634"
configurable,5640,HAL-1072-RD-RD057,"Round And Half-Moon Halo Art Deco Engagement Rings 2.42cttw",round-and-half-moon-halo-art-deco-engagement-rings-2-42cttw,
configurable,5646,HAL-1072-RD-RD072,"Preset Three Stone Halo Engagement Ring 2.92cttw",2-92-ct-round-halo-w-halfmoon-sides-3-stone-diamond-ring-egl-si1-g,
configurable,5652,hal-pav-1002-as-A129,"1.96ct Asscher Cut Diamond Engagement Ring IF-F GIA",1-96ct-asscher-cut-diamond-engagement-ring-if-f-gia,"5653,5654,5655,5656,5657"
configurable,5658,hal-pav-1002-as-A130,"1.96ct Asscher Cut Diamond Engagement Ring VS2-F GIA",1-96ct-asscher-cut-diamond-engagement-ring-vs2-f-gia,"5659,5660,5661,5662,5663"
configurable,5664,hal-pav-1002-as-A082,"2.46ct Asscher Cut Diamond Engagement Ring VS2-I EGL",2-46ct-asscher-cut-diamond-engagement-ring-vs2-i-egl,"5665,5666,5667,5668,5669"
configurable,5670,hal-pav-1002-as-A140,"2.47ct Asscher Cut Diamond Engagement Ring VS2-H EGL USA",2-47ct-asscher-cut-diamond-engagement-ring-vs2-h-egl-usa,"5671,5672,5673,5674,5675"
configurable,5676,hal-pav-1002-cu-C104,"1.93ct Cushion Cut Diamond Engagement Ring VS2-G EGL",1-93ct-cushion-cut-diamond-engagement-ring-vs2-g-egl,"5677,5678,5679,5680,5681,7708,7709,7710,7711,7712"
configurable,5682,hal-pav-1002-C196,"2.10ct Cushion Cut Diamond Engagement Ring VS2-H GIA",210ct-cushion-cut-diamond-engagement-ring-vs2-h-gia,"5683,5684,5685,5686,5687"
configurable,5688,hal-pav-1002-cu-C126,"2.40ct Cushion Cut Diamond Engagement Ring SI1-G EGL USA",2-40ct-cushion-cut-diamond-engagement-ring-si1-g-egl-usa,"5689,5690,5691,5692,5693"
configurable,5694,hal-pav-5012-cu-C103B,"2.24ct Cushion Cut Diamond Engagement Ring VS1-F EGL USA",2-24ct-cushion-cut-diamond-engagement-ring-vs1-f-egl-usa,"5695,5696,5697,5698,5699"
configurable,5700,hal-pav-5012-cu-C123,"2.3ct Cushion Cut Diamond Engagement Ring VS2-I GIA",2-3ct-cushion-cut-diamond-engagement-ring-vs2-i-gia,"5701,5702,5703,5704,5705"
configurable,5706,hal-pav-5012-cu-C126,"2.59ct Cushion Cut Diamond Engagement Ring SI1-G EGL USA",2-59ct-cushion-cut-diamond-engagement-ring-si1-g-egl-usa,"5707,5708,5709,5710,5711"
configurable,5712,HAL-Pav-1008-PR-P009,"2.30cttw Pear Shaped Unique Engagement Rings EGL USA",2-30cttw-pear-shaped-unique-engagement-rings-egl-usa,
configurable,5718,HAL-Pav-1008-PR-P010,"2.33cttw Pear Shaped Halo Art Deco Engagement Rings EGL SI1-E",2-33cttw-pear-shaped-halo-art-deco-engagement-rings-egl-si1-e,
configurable,5724,HAL-Pav-1008-PR-P008,"2.34cttw Halo Pear Shape Art Deco Engagement Rings EGLUSA",2-34cttw-halo-pear-shape-art-deco-engagement-rings-eglusa,
configurable,5730,hal-pav-1013-cu-C103,"2.40cttw Pave Halo Engagement Ring GIA Cushion Preset",2-40cttw-pave-halo-engagement-ring-gia-cushion-preset,
configurable,5736,hal-pav-1013-cu-C123,"2.46cttw Cushion Cut Halo Engagement Rings VS2-I",2-46cttw-cushion-cut-halo-engagement-rings-vs2-i,
configurable,5742,hal-pav-1013-cu-C110,"3.07cttw Preset Engagement Ring Cushion Cut in Halo",3-07cttw-preset-engagement-ring-cushion-cut-in-halo,
configurable,5748,HAL-PAV-1014-RD-RD056,"2.09ct Round Cut Diamond Engagement Ring VS2-G EGL",2-09ct-round-cut-diamond-engagement-ring-vs2-g-egl,"5749,5750,5751,5752,5753"
configurable,5754,HAL-PAV-1014-RD-RD025,"2.16ct Round Cut Diamond Engagement Ring SI1-J EGL USA",2-16ct-round-cut-diamond-engagement-ring-si1-j-egl-usa,"5755,5756,5757,5758,5759"
configurable,5760,HAL-PAV-1014-RD-RD069,"2.95 ct Round Cut Diamond Engagement Ring SI1-G EGL USA",2-95-ct-round-cut-diamond-engagement-ring-si1-g-egl-usa,"5761,5762,5763,5764,5765"
configurable,5766,hal-pav-1018-C019,"2.37cttw Halo Preset Cushion Cut Engagement Rings EGL USA",2-37cttw-halo-preset-cushion-cut-engagement-rings-egl-usa,
configurable,5772,hal-pav-1018-C105,"2.38cttw Halo Preset Cushion Cut Engagement Rings",2-38cttw-halo-preset-cushion-cut-engagement-rings,
configurable,5778,hal-pav-1018-C103,"Cushion Cut VS2-G GIA 2.51cttw Unique Halo Engagement Rings",cushion-cut-vs2-g-gia-2-51cttw-unique-halo-engagement-rings,
configurable,5784,hal-pav-1018-C123,"2.57cttw GIA Cushion Halo Engagement Rings",2-57cttw-gia-cushion-halo-engagement-rings,
configurable,5790,hal-pav-1018-C126,"2.86cttw Halo Engagement Ring G-SI1 EGL-USA Cushion Cut",2-86cttw-halo-engagement-ring-g-si1-egl-usa-cushion-cut,
configurable,6382,wed-cha-6181,".50ct X-Design w/ Princess Channel Sidestones Natural Diamonds Wedding Ring",50ct-x-design-w-round-channel-sidestones-natural-diamonds-wedding-ring,"6383,6384,6385,6386,6387"
configurable,6388,ety-6186,"1.20ct Swirl Pave Design Sidestones Natural Diamonds Wedding Ring",1-20ct-swirl-pave-design-sidestones-natural-diamonds-wedding-ring,"6389,6390,6391,6392,6393"
configurable,6496,rhd-6057,"1ct 5-stone Natural Diamonds Right Hand Ring",1ct-5-stone-natural-diamonds-right-hand-ring,
configurable,6535,wbd-tri-3032,"1.00 ct Tri Color Rose Yellow White Gold Rolling Ring",1-00-ct-tri-color-rose-yellow-white-gold-rolling-ring,"6536,6537,6538"
configurable,6540,wbd-pav-6140,"1.8 ct 5-Row Pave Design Anniversary Band",1-8-ct-5-row-pave-design-anniversary-band,"6541,6542,6543,6544,6545"
configurable,6546,wbd-pav-6141,"1.2 ct 3-Row Pave Design Anniversary Band",1-2-ct-3-row-pave-design-anniversary-band,"6547,6548,6549,6550,6551"
configurable,6552,wed-6156,".62 ct 3-stone Pave Design Wedding Band",62-ct-3-stone-pave-design-wedding-band,"6553,6554,6555,6556,6557"
configurable,6558,wed-6156-30pts,".94 ct 3-stone Pave Design Wedding Band",94-ct-3-stone-pave-design-wedding-band,"6559,6560,6561,6562,6563"
configurable,6564,wed-6180,".70ct Curved Channel Design Wedding Band",70ct-curved-channel-design-wedding-band,"6565,6566,6567,6568,6569"
configurable,6576,rhd-6045-rd,"1.13 ct Split Shank Half Bezel Design Diamond Right Hand Ring",1-13-ct-split-shank-half-bezel-design-diamond-right-hand-ring,"6577,6578,6579,6580,6581"
configurable,6582,rhd-6045-ps,"2.00 ct Split Shank Half Bezel Design Diamond Right Hand Ring",2-00-ct-split-shank-half-bezel-design-diamond-right-hand-ring,"6583,6584,6585,6586,6587"
configurable,6588,rhd-6107,"Swirl Half Bezel Pave Design Diamond Right Hand Ring",67-ct-swirl-half-bezel-pave-design-diamond-right-hand-ring,"6589,6590,6591,6592,6593"
configurable,6599,hal-pav-1020-905035802d,"2.37 ct Cushion Cut Diamond Engagement Ring H/VVS2 EGL-USA Certified",2-37-ct-cushion-cut-diamond-engagement-ring-h-vvs2-egl-usa-certified,"6594,6595,6596,6597,6598"
configurable,6600,wed-6182,"European Design Pave Natural Diamonds Bridal Ring",50-ct-european-design-pave-natural-diamonds-bridal-ring,"6601,6602,6603,6604,6605"
configurable,6683,wed-6184-ps,".30 ct Contemporary European Design Sidestone Natural Diamonds Engagement Ring",50-ct-european-design-pave-natural-diamonds-bridal-ring,
configurable,6688,ety-pav-3034,"Ladies 1.75 Ct Pave Eternity Wedding Band",ladies-1-75-ct-pave-eternity-wedding-band,"6689,6690,6691,6692,6693"
configurable,6707,hal-cha-3001-PR206,"Halo Art Deco Engagement Ring 2.90 ctw Princess cut GIA",halo-art-deco-engagement-ring-2-90-ctw-princess-cut-gia,"6708,6709,6710,6711,6712"
configurable,6713,hal-cha-3001-PR218,"2.91ct Princess Halo Engagement Ring GIA",2-91ct-princess-halo-engagement-ring-gia,"6715,6716,6717,6718"
configurable,6719,hal-cha-3001-PR142,"2.91ct Princess Halo Engagement Ring EGL",2-91ct-princess-halo-engagement-ring-egl,"6720,6721,6722,6723,6724"
configurable,6725,hal-cha-3001-PR220,"1.92ct Halo Princess Art Deco Engagement Ring",1-92ct-halo-princess-art-deco-engagement-ring,
configurable,6733,hal-cha-3001-PR209,"2.41ct Princess Art Deco Engagement Rings EGL-USA",2-41ct-princess-art-deco-engagement-rings-egl-usa,"6734,6735,6736,6737,6738"
configurable,6739,hal-cha-3001-PR214,"Halo Unique Engagement Ring 2.93 ctw EGL-USA",halo-unique-engagement-ring-2-93-ctw-egl-usa,"6740,6741,6742,6743,6744"
configurable,6745,hal-pav-1011-C100,"Pave Unique Engagement Ring 2.22 ctw EGL",pave-unique-engagement-ring-2-22-ctw-egl,"6746,6747,6748,6749,6750"
configurable,6751,hal-pav-1011-C105,"Cushion Cut Halo Engagement Rings 2.22 ctw",cushion-cut-halo-engagement-rings-2-22-ctw,"6752,6753,6754,6755,6756,6758,6759,6760,6761,6762"
configurable,6757,hal-pav-1011-C129,"GIA Cushion Cut Halo Engagement Rings 2.22 ctw",gia-cushion-cut-halo-engagement-rings-2-22-ctw,"6758,6759,6760,6761,6762"
configurable,6763,ear-rd-3036,"1.82ct Decorative Halo Pave Black Diamonds Stud Earrings",1-82ct-decorative-halo-pave-black-diamonds-stud-earrings,"6764,6765,6766,6767,6768"
configurable,6769,ear-rd-3037,"3.82 ctw Halo Unique Black Diamonds Stud Earrings ",3-82-ctw-halo-unique-black-diamonds-stud-earrings,"6770,6771,6772,6773,6774"
configurable,6780,hal-pav-3031-ps-1ct-si1g-gia," 2.30ctw Art Deco Engagement Ring SI1-G GIA",2-30ctw-art-deco-engagement-ring-si1-g-gia,
configurable,6786,hal-5343-ps-1ct-si1g-gia,"1.44 ctw Art Deco Engagement Rings GIA SI1-G",1-44-ctw-art-deco-engagement-rings-gia-si1-g,"6787,6788"
configurable,6792,hal-pav-3008-ps-1ct-si1g-gia,"Engagement Ring Los Angeles GIA SI1-G 2.32 ctw Princess",engagement-ring-los-angeles-gia-si1-g-2-32-ctw-princess,
configurable,6798,hal-pav-6041-ps-1ct-si1g-gia," SI1-G Princess GIA Engagement Ring Los Angeles 2.10 ctw GIA",si1-g-princess-gia-engagement-ring-los-angeles-2-10-ctw-gia,
configurable,6804,hal-pav-3011-ps-1ct-si1g-gia,"2.33 ctw Princess Cut Double Halo SI1-G GIA Engagement Ring",2-33-ctw-princess-cut-double-halo-si1-g-gia-engagement-ring,
configurable,6810,"hal-6017-ps-1ct-si1g-gia ","2.21 ctw Princess SI1-G GIA Unique Diamond Engagement Rings",2-21-ctw-princess-si1-g-gia-unique-diamond-engagement-rings,
configurable,6817,hal-cha-3001-ps-1ct-si1g-gia,"Art Deco Engagement Ring 1.90 ctw Princess SI1-G Natural GIA ",art-deco-engagement-ring-1-90-ctw-princess-si1-g-natural-gia,
configurable,6823,hal-6021-ps-1ct-si1g-gia,"Vintage Style Engagement Ring 1.90 ctw Princess SI1-G GIA",vintage-style-engagement-ring-1-90-ctw-princess-si1-g-gia,
configurable,6856,hal-pav-3000-ps-1ct-si1g-gia,"Unique Engagement Ring 2 ctw Princess Cut Halo GIA SI1-G",unique-engagement-ring-2-ctw-princess-cut-halo-gia-si1-g,
configurable,6863,hal-pav-1011-cu-1ct-si1g-eglusa,"2.20 ctw Cushion Pave Halo Set SI1-G EGL-USA Unique Engagement Ring",2-20-ctw-cushion-pave-halo-set-si1-g-egl-usa-unique-engagement-ring,
configurable,6870,hal-pav-1011-cu-1ct-si1h-eglusa,"Unique Engagement Halo Pave Ring 2.20 ctw Cushion SI1-H EGL-USA",unique-engagement-halo-pave-ring-2-20-ctw-cushion-si1-h-egl-usa,
configurable,6882,hal-pav-1011-cu-1ct-si1i-eglusa,"Split Shank Unique Engagement Ring 2.20 ctw Cushion SI1-I EGL-USA",split-shank-unique-engagement-ring-2-20-ctw-cushion-si1-i-egl-usa,
configurable,6888,hal-pav-3031-cu-1ct-si1g-eglusa,"Art Deco Split Shank Engagement Ring 2.30 ctw Cushion SI1-G EGL-USA",art-deco-split-shank-engagement-ring-2-30-ctw-cushion-si1-g-egl-usa,
configurable,6894,hal-pav-3031-cu-1ct-si1h-eglusa,"Unique Halo Split Shank Engagement Ring 2.30 ctw Cushion SI1-H EGL-USA",unique-halo-split-shank-engagement-ring-2-30-ctw-cushion-si1-h-egl-usa,
configurable,6909,hal-pav-3031-cu-1ct-si1i-eglusa," 2.30 ctw Cushion SI1-I EGL-USA Unique Diamond Engagement Ring",2-30-ctw-cushion-si1-i-egl-usa-unique-diamond-engagement-ring,
configurable,6935,"hal-6021-cu-1ct-si1g-eglusa ","Cushion Cut Halo Split Shank Engagement Ring 1.90 ctw SI1-G EGL-USA",cushion-cut-halo-split-shank-engagement-ring-1-90-ctw-si1-g-egl-usa,
configurable,6943,"hal-6021-cu-1ct-si1h-eglusa "," Art Deco Engagement Ring 1.90 ctw Cushion SI1-H EGL-USA",art-deco-engagement-ring-1-90-ctw-cushion-si1-h-egl-usa,
configurable,6949,hal-6021-cu-1ct-si1i-eglusa," Pave Halo Engagement Ring 1.90 ctw Cushion Si1-I EGL-USA",pave-halo-engagement-ring-1-90-ctw-cushion-si1-i-egl-usa,
configurable,6958,hal-6036-cu-1ct-si1g-eglusa,"Unique Engagement Ring 2.00 ctw Cushion SI1-G EGL-USA",unique-engagement-ring-2-00-ctw-cushion-si1-g-egl-usa,
configurable,6965,"hal-6036-cu-1ct-si1h-eglusa ","Art Deco Decorative Engagement Ring 2.00 ctw Cushion SI1-H EGL-USA",art-deco-decorative-engagement-ring-2-00-ctw-cushion-si1-h-egl-usa,
configurable,6982,hal-6036-cu-1ct-si1i-eglusa,"Unique Decorative Diamond Engagement Ring 2ct Cushion SI1-I EGL-USA",unique-decorative-diamond-engagement-ring-2ct-cushion-si1-i-egl-usa,
configurable,7099,hal-cha-3001-cu-1ct-si1g-egl-usa,"Unique Channel Engagement Ring 1.90 ct Cushion SI1-G EGL-USA ",unique-channel-engagement-ring-1-90-ct-cushion-si1-g-egl-usa,"7726,7727,7728,7729,7730"
configurable,7385,pav-6151-ps-1ct-si1g-gia,"1.98ct Princess cut Pave Design Natural Diamonds Engagement Ring GIA",1-98ct-princess-cut-pave-design-natural-diamonds-engagement-ring-gia,"7387,7388,7389,7390,7391"
configurable,7392,wst-tst-6033-ps-1ct-si1g-gia,"2.50 ct 3-Stone w/ Princess Sides Vintage Pave Diamonds Wedding Set",2-50-ct-3-stone-w-princess-sides-vintage-pave-diamonds-wedding-set,"7393,7394,7395,7396,7397"
configurable,7399,sol-6009-ps-si1g-gia,"1ct Princess Cut Vintage Solitaire Natural Diamond Engagement Ring GIA",1ct-princess-cut-vintage-solitaire-natural-diamond-engagement-ring-gia,"7401,7402,7403,7404,7405"
configurable,7438,tst-6033-ps-si1g-gia,"1.80 ct Princess cut 3-Stone Natural Diamond Engagement Ring",1-80-ct-princess-cut-3-stone-natural-diamond-engagement-ring,"7439,7440,7441,7442,7443"
configurable,7452,pav-6004-ps-si1g-gia,"1.52 ct Princess Cut Vintage Pave Natural Diamond Engagement Ring",152-ct-princess-cut-vintage-pave-natural-diamond-engagement-ring,"7498,7499,7500,7501,7502"
configurable,7457,tst-6082-16375340,"15 Ct Cushion cut Trellis Design Natural Diamonds Engagement Ring GIA",15-ct-cushion-cut-trellis-design-natural-diamonds-engagement-ring-gia,"7468,7469,7470,7471,7472"
configurable,7473,tst-6022-l4212,"11.5 ct Natural Emerald cut 3-Stone Diamond Engagement Ring VS1-I GIA",11-5-ct-natural-emerald-cut-3-stone-diamond-engagement-ring-vs1-i-gia,"7474,7475,7476,7477,7478"
configurable,7479,sol-6035-2135503113,"10ct Natural Round cut Solitaire Diamond Engagement Ring SI1-I GIA",10ct-natural-round-cut-solitaire-diamond-engagement-ring-si1-i-gia,"7480,7481,7482,7483,7484"
configurable,7486,pav-6143-ps-si1g-gia,"2.22ctw Princess cut Pave Natural Diamonds Engagement Ring SI1-G GIA",2-22ctw-princess-cut-pave-natural-diamonds-engagement-ring-si1-g-gia,"7487,7488,7489,7490,7491"
configurable,7492,sol-6006-ps-si1g-gia,"1ct Princess Vintage Solitaire Natural Diamond Engagement Ring SI1-G GIA",1ct-princess-vintage-solitaire-natural-diamond-engagement-ring-si1-g-gia,"7493,7494,7495,7496,7497"
configurable,7516,"wst-tst-6081-ps-si1g-gia ","2.50 ctw Princess cut 3-Stone Pave Natural Diamonds Bridal Set SI1-G GIA",2-70-ctw-princess-cut-3-stone-pave-natural-diamonds-bridal-set-si1-g-gia,"7517,7518,7519,7520,7521"
configurable,7522,wst-hal-3028-ps-si1g-gia,"2.70ctw Natural Princess cut Halo Pave Wedding Set SI1-G GIA",2-70ctw-natural-princess-cut-halo-pave-wedding-set-si1-g-gia,"7523,7524,7525,7526,7527"
configurable,7528,wst-hal-6029-ps-si1g-gia,"2.60 ctw Natural Cushion cut Halo Pave Bridal Set SI1-G EGL-USA",2-60-ctw-natural-cushion-cut-halo-pave-bridal-set-si1-g-egl-usa,"7529,7530,7531,7532,7533"
configurable,7546,wst-sol-6132-ps-si1g-gia,"1.35ctw Natural Princess cut Split Shank Solitaire Diamond Bridal Set SI1-G GIA",1-35ctw-natural-princess-cut-split-shank-solitaire-diamond-bridal-set,
configurable,7552,wst-pav-6018-ps-si1g-gia,"2.30ct Princess cut Cathedral Natural Diamonds Wedding Set SI1-G GIA",2-30ct-princess-cut-cathedral-natural-diamonds-wedding-set-si1-g-gia,"7553,7554,7555,7556,7557"
configurable,7561,sol-5439-cu-1ct-si1g-eglusa,"1.00 ct Natural Cushion Diamond Engagement Ring SI1-G EGL-USA",1-00-ct-natural-cushion-diamond-engagement-ring-si1-g-egl-usa,"7562,7563,7564,7565,7566"
configurable,7567,sol-5439-cu-1ct-si1h-eglusa,"1.00 ct Natural Cushion Diamond Engagement Ring SI1-H EGL-USA",1-00-ct-natural-cushion-diamond-engagement-ring-si1-h-egl-usa,"7569,7570,7571,7572,7573"
configurable,7578,hal-1058-cu-si1g-eglusa,"2.36ctw Natural Cushion Cut EGL USA Halo Engagement Ring SI1-G",2-36ctw-natural-cushion-cut-egl-usa-halo-engagement-ring-si1-g,"7579,7580,7581,7582,7583"
configurable,7585,hal-pav-1018-cu-1ct-si1g-eglusa,"2.36ctw Natural Cushion Halo Engagement Ring G-SI1 EGL-USA",2-36ctw-natural-cushion-halo-engagement-ring-g-si1-egl-usa,"7586,7587,7588,7589,7590"
configurable,7601,hal-pav-1002-cu-1ct-si1g-eglusa,"1.96ct Natural Cushion Halo Diamond Engagement Ring SI1-G EGL-USA",1-96ct-natural-cushion-halo-diamond-engagement-ring-si1-g-egl-usa,"7602,7603,7604,7605,7606"
configurable,7607,hal-pav-1002-cu-1ct-si1h-eglusa,"1.96ct Natural Cushion Halo Diamond Engagement Ring SI1-H EGL-USA",1-96ct-natural-cushion-halo-diamond-engagement-ring-si1-h-egl-usa,"7608,7609,7610,7611,7612"
configurable,7614,hal-pav-1002-cu-1ct-si1i-eglusa,"1.96ct Natural Cushion Halo Diamond Engagement Ring SI1-I EGL-USA",1-96ct-natural-cushion-halo-diamond-engagement-ring-si1-i-egl-usa,"7615,7616,7617,7618,7619"
configurable,7638,hal-1058-cu-1ct-si1h-eglusa,"2.36ctw Natural Cushion Cut Halo Pave Engagement Ring SI1-H EGL-USA",236ctw-natural-cushion-cut-halo-pave-engagement-ring-si1-h-egl-usa,"7639,7640,7641,7642,7643"
configurable,7644,hal-1058-cu-1ct-si1i-eglusa,"2.36ctw Natural Cushion Cut Halo Pave Engagement Ring SI1-I EGL-USA",236ctw-natural-cushion-cut-halo-pave-engagement-ring-si1-i-egl-usa,"7645,7646,7647,7648,7649"
configurable,7650,hal-5312-ps-1ct-si1g-gia,"1.60ctw Natural Princess Cut Diamond Halo Engagement Ring SI1-G GIA",160ctw-natural-princess-cut-diamond-halo-engagement-ring-si1-g-gia,"7651,7652,7653,7654,7655"
configurable,7656,HAL-1065-PR-1ct-si1g-gia,"Art Deco Engagement Rings 1.72cttw Halo Princess Cut GIA",art-deco-engagement-rings-172cttw-halo-princess-cut-gia,"7657,7658,7659,7660,7661"
configurable,7662,HAL-1069-ps-1ct-si1g-gia,"2.08ctw Natural Princess Cut Diamond Engagement Ring GIA SI1-G",208ctw-natural-princess-cut-diamond-engagement-ring-gia-si1-g,"7663,7664,7665,7666,7667"
configurable,7668,hal-5340-cu-1ct-si1h-eglusa,"1.65 ctw. Natural Cushion Cut Diamond Engagement Wedding Ring SI1-H EGL-USA",165-ctw-natural-cushion-cut-diamond-engagement-wedding-ring-si1-h-egl-usa,"7669,7670,7671,7672,7673"
configurable,7677,hal-5340-cu-1ct-si1i-eglusa,"1.65 ctw. Natural Cushion Cut Diamond Engagement Wedding Ring SI1-I EGL-USA",165-ctw-natural-cushion-cut-diamond-engagement-wedding-ring-si1-i-egl-usa,"7680,7681,7682,7683,7684"
configurable,7688,hal-pav-5012-cu-1ct-si1g-eglusa,"2.09ct Natural Cushion Cut Diamond Engagement Ring SI1-G EGL USA",209ct-natural-cushion-cut-diamond-engagement-ring-si1-g-egl-usa,"7689,7690,7691,7692,7693"
configurable,7694,hal-pav-5012-cu-1ct-si1h-eglusa,"2.09ctw Natural Cushion Cut Diamond Engagement Ring SI1-H EGL USA",209ctw-natural-cushion-cut-diamond-engagement-ring-si1-h-egl-usa,"7695,7696,7697,7698,7699"
configurable,7700,hal-pav-5012-cu-1ct-si1i-eglusa,"2.09ctw Natural Cushion Cut Diamond Engagement Ring SI1-I EGL USA",209ctw-natural-cushion-cut-diamond-engagement-ring-si1-i-egl-usa,"7701,7702,7703,7704,7705"
configurable,7713,hal-pav-1018-cu-1ct-si1h-eglusa,"2.36ctw Natural Cushion Halo Engagement Ring H-SI1 EGL-USA",236ctw-natural-cushion-halo-engagement-ring-h-si1-egl-usa,"7714,7715,7716,7717,7718"
configurable,7719,hal-pav-1018-cu-1ct-si1i-eglusa,"2.36ctw Natural Cushion Halo Engagement Ring I-SI1 EGL-USA",236ctw-natural-cushion-halo-engagement-ring-i-si1-egl-usa,"7720,7721,7722,7723,7724"
configurable,7731,hal-cha-3001-cu-1ct-si1h-egl-usa,"1.90ctw Natural Cushion cut Halo Engagement Ring SI1-H EGL-USA",190ctw-natural-cushion-cut-halo-engagement-ring-si1-h-egl-usa,"7732,7733,7734,7735,7736"
configurable,7737,hal-cha-3001-cu-1ct-si1i-egl-usa,"1.90ctw Natural Cushion cut Halo Engagement Ring SI1-I EGL-USA",190ctw-natural-cushion-cut-halo-engagement-ring-si1-i-egl-usa,"7738,7739,7740,7741,7742"
configurable,7745,WST-1059-CU-1ct-si1g-eglusa,"1.90ct Natural Cushion Cut Diamond Pavé Bridal Set SI1-G EGL-USA",190ct-natural-cushion-cut-diamond-pave-bridal-set-si1-g-egl-usa,"7746,7747,7748,7749,7750"
configurable,7751,WST-1059-CU-1ct-si1h-eglusa,"1.90ct Natural Cushion Cut Diamond Pavé Bridal Set SI1-H EGL-USA",190ct-natural-cushion-cut-diamond-pave-bridal-set-si1-h-egl-usa,"7752,7753,7754,7755,7756"
configurable,7757,WST-1059-CU-1ct-si1i-eglusa,"1.90ct Natural Cushion Cut Diamond Pavé Bridal Set SI1-I EGL-USA",190ct-natural-cushion-cut-diamond-pave-bridal-set-si1-i-egl-usa,"7758,7759,7760,7761,7762"
configurable,7763,WST-1054-PR-1ct-si1g-gia,"2.99ctw Natural Princess Cut Diamond Engagement Wedding Ring GIA SI1-G",299ctw-natural-princess-cut-diamond-engagement-wedding-ring-gia-si1-g,"7764,7765,7766,7767,7768,10117,10118,10119,10120,10121"
configurable,7769,hal-pav-1013-cu-1ct-si1g-eglusa,"2.25ctw Natural Cushion cut Halo Pave Engagement Ring SI1-G EGL-USA",225ctw-natural-cushion-cut-halo-pave-engagement-ring-si1-g-egl-usa,"7770,7771,7772,7773,7774"
configurable,7775,hal-pav-1013-cu-1ct-si1h-eglusa,"2.25ctw Natural Cushion cut Halo Pave Engagement Ring SI1-H EGL-USA",225ctw-natural-cushion-cut-halo-pave-engagement-ring-si1-h-egl-usa,"7776,7777,7778,7779,7780"
configurable,7781,hal-pav-1013-cu-1ct-si1i-eglusa,"2.25ctw Natural Cushion cut Halo Pave Engagement Ring SI1-I EGL-USA",225ctw-natural-cushion-cut-halo-pave-engagement-ring-si1-i-egl-usa,"7782,7783,7784,7785,7786"
configurable,7788,WST-HAL-5035-CU-1ct-si1g-eglusa,"2.70ct Natural Cushion Diamond Pavé Halo Engagement Bridal Set EGL-USA SI1-G",270ct-natural-cushion-diamond-pave-halo-engagement-bridal-set-egl-usa-si1-g,"7789,7790,7791,7792,7793"
configurable,7794,WST-HAL-5035-CU-1ct-si1h-eglusa,"2.70ct Natural Cushion Diamond Halo Engagement Ring Wedding Set SI1-H EGL-USA",270ct-natural-cushion-diamond-halo-engagement-ring-wedding-set-si1-h-egl-usa,"7795,7796,7797,7798,7799"
configurable,7800,WST-HAL-5035-CU-1ct-si1i-eglusa,"2.70ct Natural Cushion Diamond Halo Engagement Ring Wedding Set SI1-I EGL-USA",270ct-natural-cushion-diamond-halo-engagement-ring-wedding-set-si1-i-egl-usa,"7801,7802,7803,7804,7805"
configurable,7819,hal-bag-5022-cu-1ct-si1g-egl-usa,"1.60ctw Natural Cushion Halo Baguette Engagement Ring SI1-G EGL-USA",160ctw-natural-cushion-halo-baguette-engagement-ring-si1-g-egl-usa,"7820,7821,7822,7823,7824"
configurable,7825,hal-bag-5022-cu-1ct-si1h-eglusa,"1.60 ctw Natural Cushion Halo Side Profile Engagement Ring EGL-USA SI1-H ",160-ctw-natural-cushion-halo-side-profile-engagement-ring-egl-usa-si1-h,"7826,7827,7828,7829,7830"
configurable,7831,hal-bag-5022-cu-1ct-si1i-eglusa,"1.60ctw Natural Cushion Diamond Baguettes Engagement Ring SI1-I EGL-USA",160ctw-natural-cushion-diamond-baguettes-engagement-ring-si1-i-egl-usa,"7832,7833,7834,7835,7836"
configurable,7837,hal-pav-1020-cu-1ct-si1g-eglusa,"2.18ctw Natural Cushion Cut Diamond Halo Engagement Ring SI1-G EGL-USA",218ctw-natural-cushion-cut-diamond-halo-engagement-ring-si1-g-egl-usa,"7838,7839,7840,7841,7842"
configurable,7843,hal-pav-1020-cu-1ct-si1h-eglusa,"2.18ctw Natural Cushion Art Deco Halo Engagement Ring SI1-H EGL-USA",218ctw-natural-cushion-art-deco-halo-engagement-ring-si1-h-egl-usa,"7844,7845,7846,7847,7848"
configurable,7849,hal-pav-1020-cu-1ct-si1i-eglusa,"2.18ctw Natural Cushion Halo French Pave Engagement Ring SI1-I EGL-USA",218ctw-natural-cushion-halo-french-pave-engagement-ring-si1-i-egl-usa,"7850,7851,7852,7853,7854"
configurable,7855,WST-HAL-1009-pr-1ct-si1g-gia,"2.99ctw Natural Princess Cut Diamond Engagement Bridal set GIA SI1-G",299ctw-natural-princess-cut-diamond-engagement-bridal-set-gia-si1-g,7859
configurable,7865,hal-pav-1023-cu-1ct-si1g-eglusa,"1.50ctw Natural Cushion Cut Diamond Double Halo Engagement Ring SI1-G EGL-USA",150ctw-natural-cushion-cut-diamond-double-halo-engagement-ring-si1-g-egl-usa,"7866,7867,7868,7869,7870"
configurable,7871,hal-pav-1023-cu-1ct-si1h-eglusa,"1.50ctw Natural Cushion Pave Double Halo Diamond Engagement Ring SI1-H EGL-USA",150ctw-natural-cushion-pave-double-halo-diamond-engagement-ring-si1-h-egl-usa,"7872,7873,7874,7875,7876"
configurable,7877,hal-pav-1023-cu-1ct-si1i-eglusa,"1.50ctw Natural Cushion French Pave Halo Diamond Engagement Ring SI1-I EGL-USA",150ctw-natural-cushion-french-pave-halo-diamond-engagement-ring-si1-i-egl-usa,"7878,7879,7880,7881,7882"
configurable,7904,pav-3005-cu-1ct-si1g-eglusa,"1.90ctw Natural Cushion Diamond Pave Engagement Ring SI1-G EGL-USA",190ctw-natural-cushion-diamond-pave-engagement-ring-si1-g-egl-usa,"7905,7906,7907,7908,7909"
configurable,7910,pav-3005-cu-1ct-si1h-eglusa,"1.90ctw Natural Cushion Diamond French Pave Engagement Ring SI1-H EGL-USA",190ctw-natural-cushion-diamond-french-pave-engagement-ring-si1-h-egl-usa,"7911,7912,7913,7914,7915"
configurable,7916,pav-3005-cu-1ct-si1i-eglusa,"1.90ctw Natural Cushion Diamond Art Deco Pave Engagement Ring SI1-I EGL-USA",190ctw-natural-cushion-diamond-art-deco-pave-engagement-ring-si1-i-egl-usa,"7917,7918,7919,7920,7921"
configurable,7922,pav-6002-ps-1ct-si1g-gia,"1.80ctw Natural Princess Pave Side Profile Engagement Ring SI1-G GIA",180ctw-natural-princess-pave-side-profile-engagement-ring-si1-g-gia,"7923,7924,7925,7926,7927"
configurable,7935,hal-6144-ps-1ct-si1g-gia,"Double Row Princess Cut Halo Engagement Ring 2.10cttw SI1-G GIA",double-row-princess-cut-halo-engagement-ring-210cttw-si1-g-gia,"7936,7937,7938,7939,7940"
configurable,7941,pav-6000-ps-1ct-si1g-gia,"1.65ctw Princess Vintage Pave Natural Diamond Engagement Ring SI1-G GIA",165ctw-princess-vintage-pave-natural-diamond-engagement-ring-si1-g-gia,"7942,7943,7944,7945,7946"
configurable,7951,hal-pav-3003-ps-1ct-si1g-gia,"2.33 ctw Princess Dual Halo Pave Natural Diamonds SI1-G GIA Engagement Ring",233-ctw-princess-dual-halo-pave-natural-diamonds-si1-g-gia-engagement-ring,"7952,7953,7954,7955,7956"
configurable,7957,hal-pav-3006-ps-1ct-si1g-gia,"2.47ctw Princess Side Profile Pave Halo Natural Diamonds Engagement Ring SI1-G GIA",247ctw-princess-side-profile-pave-halo-natural-diamonds-engagement-ring-si1-g-gia,"7958,7959,7960,7961,7962"
configurable,7963,hal-6037-cu-1ct-si1g-eglusa,"1.50ctw Princess Side Bar Split Shank Natural Diamonds Engagement Ring SI1-G EGL-USA",150ctw-princess-side-bar-split-shank-natural-diamonds-engagement-ring-si1-g-egl-usa,"7964,7965,7966,7967,7968"
configurable,7969,tst-6079-ps-1ct-si1g-gia,"2.15ctw Princess 3-Stone Split Pave Natural Diamonds Engagement Ring SI1-G GIA",215ctw-princess-3-stone-split-pave-natural-diamonds-engagement-ring-si1-g-gia,"7970,7971,7972,7973,7974"
configurable,7975,pav-6053-ps-1ct-si1g-gia,"1.75ctw Princess Scroll Shank Natural Diamonds SI1-G GIA Engagement Ring",175ctw-princess-scroll-shank-natural-diamonds-si1-g-gia-engagement-ring,"7976,7977,7978,7979,7980"
configurable,7981,pav-6092-ps-1ct-si1g-gia,"1.30ctw Princess Split Shank Pave Natural Diamonds Engagement Ring SI1-G GIA",130ctw-princess-split-shank-pave-natural-diamonds-engagement-ring-si1-g-gia,"7982,7983,7984,7985,7986"
configurable,7987,pav-6103-ps-1ct-si1g-gia,"1.71ct Princess Bezel Collar Pave Natural Diamonds Engagement Ring SI1-G GIA",171ct-princess-bezel-collar-pave-natural-diamonds-engagement-ring-si1-g-gia,"7988,7989,7990,7991,7992"
configurable,7993,wst-pav-6092-ps-1ct-si1g-gia,"1.65ctw Princess Split Pave Natural Diamonds Bridal Set SI1-G GIA",165ctw-princess-split-pave-natural-diamonds-bridal-set-si1-g-gia,"7994,7995,7996,7997,7998"
configurable,8007,pav-3014-ps-1ct-si1g-gia,"2.22ctw Princess Tri Split Shank Pave Natural Diamonds Engagement Ring SI1-G GIA",222ctw-princess-tri-split-shank-pave-natural-diamonds-engagement-ring-si1-g-gia,"8008,8009,8010,8011,8012"
configurable,8013,pav-6046-ps-1ct-si1g-gia,"2.30ctw Princess Bezel Curve Pave Natural Diamonds Engagement Ring SI1-G GIA",230ctw-princess-bezel-curve-pave-natural-diamonds-engagement-ring-si1-g-gia,"8014,8015,8016,8017,8018"
configurable,8020,pav-6149-ps-1ct-si1g-gia,"1.44ctw Princess Celtic Knot Pave Natural Diamonds Engagement Ring SI1-G GIA",144ctw-princess-celtic-knot-pave-natural-diamonds-engagement-ring-si1-g-gia,"8021,8022,8023,8024,8025"
configurable,8052,PAV-1060-cu-1ct-si1g-eglusa,"1.92ctw Natural Cushion Pavé Diamond Engagement Ring EGL-USA SI1-G",1-92ctw-natural-cushion-pave-diamond-engagement-ring-egl-usa-si1-g,"8053,8054,8055,8056,8057"
configurable,8058,PAV-1060-cu-1ct-si1h-eglusa,"1.92ctw Natural Cushion French Pavé Diamond Engagement Ring EGL-USA SI1-H",1-92ctw-natural-cushion-french-pave-diamond-engagement-ring-egl-usa-si1-h,"8059,8060,8061,8062,8063"
configurable,8064,PAV-1060-cu-1ct-si1i-eglusa,"1.92ctw Cushion Natural Diamond Pave Engagement Ring SI1-I EGL-USA",1-92ctw-cushion-natural-diamond-pave-engagement-ring-si1-i-egl-usa,"8065,8066,8067,8068,8069"
configurable,8078,hal-5052-ps-1ct-si1g-gia,"3.10ctw Natural Princess Halo Micro-pave Engagement Ring SI1-G GIA",3-10ctw-natural-princess-halo-micro-pave-engagement-ring-si1-g-gia,"8081,8083,8084,8085,8086"
configurable,8099,pav-6030-ps-1ct-si1g-gia,"1.35ctw Natural Princess Classic Pave Diamond Engagement Ring SI1-G GIA",1-35ctw-natural-princess-classic-pave-diamond-engagement-ring-si1-g-gia,"8101,8102,8103,8104,8105"
configurable,8106,hal-5089-ps-1ct-si1g-gia,"2.18ctw Princess Halo Pave Natural Diamonds Engagement Ring GIA SI1-G",2-18ctw-princess-halo-pave-natural-diamonds-engagement-ring-gia-si1-g,"8107,8108,8109,8110,8111"
configurable,8112,hal-5089-cu-1ct-si1g-eglusa,"2.18ctw Natural Cushion Pave Halo Diamonds Engagement Ring EGL-USA SI1-G",2-18ctw-natural-cushion-pave-halo-diamonds-engagement-ring-egl-usa-si1-g,"8113,8114,8115,8116,8117"
configurable,8118,hal-5089-cu-1ct-si1h-eglusa,"2.18ctw Cushion Side Profile Natural Diamonds Engagement Ring SI1-H EGL-USA",2-18ctw-cushion-side-profile-natural-diamonds-engagement-ring-si1-h-egl-usa,"8119,8120,8121,8122,8123"
configurable,8124,hal-5089-cu-1ct-si1i-eglusa,"2.18ctw Natural Cushion Pave Halo Diamonds Engagement Ring EGL-USA SI1-I",2-18ctw-natural-cushion-pave-halo-diamonds-engagement-ring-egl-usa-si1-i,"8125,8126,8127,8128,8129"
configurable,8130,wst-tst-6010-ps-1ct-si1g-gia,"2.00ctw Natural Princess w/ Pear Sides Diamond Bridal Set GIA SI1-G",2-00ctw-natural-princess-w-pear-sides-diamond-bridal-set-gia-si1-g,"8131,8132,8133,8134,8135"
configurable,8142,hal-pav-1002-em-1.5ct-vs2f-gia,"2.22ctw Natural Emerald Diamond Pavé Engagement Ring GIA VS2-F",2-22ctw-natural-emerald-diamond-pave-engagement-ring-gia-vs2-f,"8143,8144,8145,8146,8147"
configurable,8148,hal-pav-1002-em-1.5ct-vs2g-gia,"2.22ctw Emerald Diamond Cathedral Halo Pave Engagement Ring GIA VS2-G",2-22ctw-emerald-diamond-cathedral-halo-pave-engagement-ring-gia-vs2-g,"8149,8150,8151,8152,8153"
configurable,8154,hal-pav-1002-em-1.5ct-vs2h-gia,"2.22ctw Natural Emerald Pave Diamond Halo Engagement Ring VS2-H GIA",2-22ctw-natural-emerald-pave-diamond-halo-engagement-ring-vs2-h-gia,"8155,8156,8157,8158,8159"
configurable,8162,hal-6017-em-1.5ct-vs2f-gia,"2.71ctw Natural Emerald VS2-F GIA Unique Diamond Engagement Ring",2-71ctw-natural-emerald-vs2-f-gia-unique-diamond-engagement-ring,"8163,8164,8165,8166,8167"
configurable,8169,hal-6017-em-1.5ct-vs2g-gia,"2.71ctw Natural Emerald GIA VS2-G Side Profile Diamond Engagement Ring",2-71ctw-natural-emerald-gia-vs2-g-side-profile-diamond-engagement-ring,"8170,8171,8172,8173,8174"
configurable,8175,hal-6017-em-1.5ct-vs2h-gia,"2.71ctw Natural Emerald GIA VS2-H Pave Halo Diamond Engagement Ring",2-71ctw-natural-emerald-gia-vs2-h-pave-halo-diamond-engagement-ring,"8176,8177,8178,8179,8180"
configurable,8181,tst-sid-2001-em-1.5ct-vs2f-gia,"2.8ctw Natural Emerald Pavé Channel Diamond Engagement Ring GIA VS2-F",2-8ctw-natural-emerald-pave-channel-diamond-engagement-ring-gia-vs2-f,"8182,8183,8184,8185,8186"
configurable,8187,tst-sid-2001-em-1.5ct-vs2g-gia,"2.8ctw Natural Emerald Side Profile Diamond Engagement Ring VS2-G GIA ",2-8ctw-natural-emerald-side-profile-diamond-engagement-ring-vs2-g-gia,"8204,9546,9547,9548,9549,9550"
configurable,8188,hal-pav-1002-em-1.5ct-vs2i-gia,"2.22ctw Natural Emerald Cathedral Diamond Engagement Ring VS2-I GIA",2-22ctw-natural-emerald-cathedral-diamond-engagement-ring-vs2-i-gia,"8189,8190,8191,8192,8193"
configurable,8194,hal-6017-em-1.5ct-vs2i-gia,"2.71ctw Natural Emerald GIA VS2-I Pave Halo Diamond Engagement Ring",2-71ctw-natural-emerald-gia-vs2-i-pave-halo-diamond-engagement-ring,"8199,8200,8201,8202,8203"
configurable,8205,hal-6036-em-1ct-vs2f-gia,"Unique Art Deco Diamond Engagement Ring 2.5ctw Natural Emerald VS2-F GIA",unique-art-deco-diamond-engagement-ring-2-5ctw-natural-emerald-vs2-f-gia,"8206,8207,8208,8209,8210"
configurable,8211,hal-6036-em-1.5ct-vs2g-gia,"Vintage Decorative Diamond Engagement Ring 2.5ctw Natural Emerald VS2-G GIA",vintage-decorative-diamond-engagement-ring-2-5ctw-natural-emerald-vs2-g-gia,"8212,8213,8214,8215,8216"
configurable,8217,hal-6036-em-1.5ct-vs2h-gia,"Unique Filigree Diamond Engagement Ring 2.5ctw Natural Emerald VS2-H GIA",unique-filigree-diamond-engagement-ring-2-5ctw-natural-emerald-vs2-h-gia,"8218,8219,8220,8221,8222"
configurable,8223,hal-6036-em-1.5ct-vs2i-gia,"Decorative Halo Diamond Engagement Ring 2.5ctw Natural Emerald VS2-I GIA",decorative-halo-diamond-engagement-ring-2-5ctw-natural-emerald-vs2-i-gia,"8224,8225,8226,8227,8228"
configurable,8229,hal-pav-3000-em-1.5ct-vs2f-gia,"Unique Engagement Ring 2.50 ctw Emerald Cut Halo GIA VS2-F",unique-engagement-ring-2-50-ctw-emerald-cut-halo-gia-vs2-f,"8230,8231,8232,8233,8234"
configurable,8235,hal-pav-3000-em-1.5ct-vs2g-gia,"Unique Engagement Ring 2.50 ctw Emerald Cut Halo GIA VS2-G",unique-engagement-ring-2-50-ctw-emerald-cut-halo-gia-vs2-g,"8236,8237,8238,8239,8240"
configurable,8241,hal-pav-3000-em-1.5ct-vs2h-gia,"2.50ctw Natural Emerald GIA VS2-H Engagement Ring Halo Pave",2-50ctw-natural-emerald-gia-vs2-h-engagement-ring-halo-pave,"8242,8243,8244,8245,8246"
configurable,8247,hal-pav-3000-em-1.5ct-vs2i-gia,"2.50ctw Natural Emerald Halo 2-Row Pave Engagement Ring GIA VS2-I ",2-50ctw-natural-emerald-halo-2-row-pave-engagement-ring-gia-vs2-i,"8248,8249,8250,8251,8252"
configurable,8261,hal-5340-em-1.5ct-vs2f-gia,"2.39ctw Natural Emerald Curve Split Halo Diamond Engagement Ring VS2-G GIA",2-39ctw-natural-emerald-curve-split-halo-diamond-engagement-ring-vs2-g-gia,
configurable,8267,hal-5340-em-1.5ct-vs2g-gia,"2.39ctw Natural Emerald Vintage Halo Diamond Engagement Ring VS2-G GIA",2-39ctw-natural-emerald-vintage-halo-diamond-engagement-ring-vs2-g-gia,"8268,8269,8270,8271,8272"
configurable,8273,hal-5340-em-1.5ct-vs2h-gia,"2.39ctw Natural Emerald Art Nouveau Halo Diamond Engagement Ring VS2-H GIA",2-39ctw-natural-emerald-art-nouveau-halo-diamond-engagement-ring-vs2-h-gia,"8274,8275,8276,8277,8278"
configurable,8279,hal-5340-em-1.5ct-vs2i-gia,"2.39ctw Natural Emerald Halo Split Pave Diamond Engagement Ring VS2-I GIA",2-39ctw-natural-emerald-halo-split-pave-diamond-engagement-ring-vs2-i-gia,"8280,8281,8282,8283,8284"
configurable,8285,pav-3014-em-1.5ct-vs2f-gia,"2.72ctw Emerald Tri Split Shank Pave Natural Diamonds Engagement Ring VS2-F GIA",2-72ctw-emerald-tri-split-shank-pave-natural-diamonds-engagement-ring-vs2-f-gia,"8286,8287,8288,8289,8290"
configurable,8291,pav-3014-em-1.5ct-vs2g-gia,"2.72ctw Natural Emerald Vintage Pave Diamonds Engagement Ring GIA VS2-G",2-72ctw-natural-emerald-vintage-pave-diamonds-engagement-ring-gia-vs2-g,"8292,8293,8294,8295,8296"
configurable,8297,pav-3014-em-1.5ct-vs2h-gia,"2.72ctw Natural Emerald Split Shank Pave Diamonds Engagement Ring VS2-H GIA",2-72ctw-natural-emerald-split-shank-pave-diamonds-engagement-ring-vs2-h-gia,"8298,8299,8300,8301,8302"
configurable,8303,pav-3014-em-1.5ct-vs2i-gia,"2.72ctw Natural Emerald Art Nouveau Diamonds Engagement Ring VS2-I GIA",2-72ctw-natural-emerald-art-nouveau-diamonds-engagement-ring-vs2-i-gia,"8304,8305,8306,8307,8308"
configurable,8311,hal-pav-6041-em-1.5ct-vs2f-gia,"2.60ctw Natural Emerald Halo Side Profile Engagement Ring VS2-F GIA",2-60ctw-natural-emerald-halo-side-profile-engagement-ring-vs2-f-gia,"8314,8315,8316,8317,8318"
configurable,8319,hal-pav-6041-em-1.5ct-vs2g-gia,"2.60ctw Natural Emerald Cathedral Halo Engagement Ring VS2-G GIA",2-60ctw-natural-emerald-cathedral-halo-engagement-ring-vs2-g-gia,"8320,8321,8322,8323,8324"
configurable,8325,hal-pav-6041-em-1.5ct-vs2h-gia,"2.60ct Emerald Side Profile Halo Natural Diamond Engagement Ring GIA VS2-H",2-60ct-emerald-side-profile-halo-natural-diamond-engagement-ring-gia-vs2-h,"8326,8327,8328,8329,8330"
configurable,8331,hal-pav-6041-em-1.5ct-vs2i-gia,"2.60ct Natural Emerald GIA VS2-I Halo Cathedral Diamond Engagement Ring",2-60ct-natural-emerald-gia-vs2-i-halo-cathedral-diamond-engagement-ring,"8332,8333,8334,8335,8336"
configurable,8337,hal-6021-em-1.5ct-vs2f-gia,"Vintage Engagement Ring 2.40tcw Natural Emerald VS2-F GIA",vintage-engagement-ring-2-40tcw-natural-emerald-vs2-f-gia,"8338,8339,8340,8341,8342"
configurable,8343,hal-6021-em-1.5ct-vs2g-gia,"2.40tcw Natural Emerald Halo Split Diamond Engagement Ring VS2-G GIA",2-40tcw-natural-emerald-halo-split-diamond-engagement-ring-vs2-g-gia,"8344,8345,8346,8347,8348"
configurable,8358,hal-6021-em-1.5ct-vs2h-gia,"2.40ct Natural Emerald Halo Vintage Pave Diamond Engagement Ring GIA VS2-H",2-40ct-natural-emerald-halo-vintage-pave-diamond-engagement-ring-gia-vs2-h,"8359,8360,8361,8362,8363"
configurable,8364,hal-6021-em-1.5ct-vs2i-gia,"2.40tcw Emerald Halo Pave Natural Diamond Engagement Ring GIA VS2-I",2-40tcw-emerald-halo-pave-natural-diamond-engagement-ring-gia-vs2-i,"8365,8366,8367,8368,8369"
configurable,8370,hal-6037-em-1.5ct-vs2f-gia,"2ctw Natural Emerald Diamond Side Bar Diamonds Engagement Ring VS2-F GIA",2ctw-natural-emerald-diamond-side-bar-diamonds-engagement-ring-vs2-f-gia,"8371,8372,8373,8374,8375"
configurable,8376,hal-6037-em-1.5ct-vs2g-gia,"2ctw Natural Emerald Diamond Vintage Bar Diamonds Engagement Ring VS2-G GIA",2ctw-natural-emerald-diamond-vintage-bar-diamonds-engagement-ring-vs2-g-gia,"8377,8378,8379,8380,8381"
configurable,8382,hal-6037-em-1.5ct-vs2h-gia,"2ctw Natural Emerald Diamond Halo Channel Diamonds Engagement Ring VS2-H GIA",2ctw-natural-emerald-diamond-halo-channel-diamonds-engagement-ring-vs2-h-gia,"8383,8384,8385,8387,8389"
configurable,8390,hal-6037-em-1.5ct-vs2i-gia,"2ctw Natural Emerald Diamond Side Channel Diamonds VS2-I GIA Engagement Ring ",2ctw-natural-emerald-diamond-side-channel-diamonds-vs2-i-gia-engagement-ring,"8392,8393,8394,8395,8396"
configurable,8398,wst-hal-5251-em-1.5ct-vs2f-gia,"3.54ctw Gorgeous Natural Emerald Halo Diamond Bridal Set GIA VS2-F",3-54ctw-gorgeous-natural-emerald-halo-diamond-bridal-set-gia-vs2-f,"8400,8401,8402,8403,8404"
configurable,8405,wst-hal-5251-em-1.5ct-vs2g-gia,"3.54ctw Natural Emerald Halo Pave Diamond Wedding Set GIA VS2-G",3-54ctw-natural-emerald-halo-pave-diamond-wedding-set-gia-vs2-g,"8406,8407,8408,8409,8410"
configurable,8411,wst-hal-5251-em-1.5ct-vs2h-gia,"3.54ctw Natural Emerald Pave Halo Diamond Wedding Set VS2-H GIA",3-54ctw-natural-emerald-pave-halo-diamond-wedding-set-vs2-h-gia,"8412,8413,8414,8415,8416"
configurable,8417,wst-hal-5251-em-1.5ct-vs2i-gia,"3.54ctw Natural Emerald Halo Pave Wedding Bridal Set VS2-I GIA",3-54ctw-natural-emerald-halo-pave-wedding-bridal-set-vs2-i-gia,"8418,8419,8420,8421,8422"
configurable,8438,wst-sid-1054-em-1.5ct-vs2f-gia,"3.48ctw Natural Emerald Cut Diamond Engagement Wedding Ring GIA VS2-F",3-48ctw-natural-emerald-cut-diamond-engagement-wedding-ring-gia-vs2-f,"8439,8440,8441,8442,8443"
configurable,8444,wst-sid-1054-em-1.5ct-vs2g-gia,"3.48tcw Emerald Cut Natural Diamond Engagement Wedding Ring GIA VS2-G",3-48tcw-emerald-cut-natural-diamond-engagement-wedding-ring-gia-vs2-g,"8445,8446,8447,8448,8449"
configurable,8450,wst-sid-1054-em-1.5ct-vs2h-gia,"3.48tcw Natural Emerald Natural Diamond Sidestone Bridal Set Ring VS2-H GIA",3-48tcw-natural-emerald-natural-diamond-sidestone-bridal-set-ring-vs2-h-gia,"8451,8452,8453,8454,8455"
configurable,8456,wst-sid-1054-em-1.5ct-vs2i-gia,"3.48tcw Emerald Natural Natural Diamond Sidestone Bridal Set Ring VS2-I GIA",3-48tcw-emerald-natural-natural-diamond-sidestone-bridal-set-ring-vs2-i-gia,"8457,8458,8459,8460,8461"
configurable,8462,hal-5416-em-1.5ct-vs2f-gia,"2.94ctw Emerald Micro Pave Natural Diamond Engagement Ring VS2-F GIA",2-94ctw-emerald-micro-pave-natural-diamond-engagement-ring-vs2-f-gia,"8463,8464,8465,8466,8467"
configurable,8468,hal-5416-em-1.5ct-vs2g-gia,"2.94ctw Natural Emerald Halo Pave Diamond Engagement Ring VS2-G GIA",2-94ctw-natural-emerald-halo-pave-diamond-engagement-ring-vs2-g-gia,"8469,8471,8472,8473,8474"
configurable,8475,hal-5416-em-1.5ct-vs2h-gia,"2.94ctw Natural Emerald Micro Pave Halo Diamond VS2-H GIA Engagement Ring",2-94ctw-natural-emerald-micro-pave-halo-diamond-vs2-h-gia-engagement-ring,"8476,8477,8478,8479,8480"
configurable,8481,hal-5416-em-1.5ct-vs2i-gia,"2.94ctw Emerald Pave Halo Natural Diamond VS2-I GIA Engagement Ring",2-94ctw-emerald-pave-halo-natural-diamond-vs2-i-gia-engagement-ring,"8482,8483,8484,8485,8486"
configurable,8494,cha-1006-em-1.5ct-vs2f-gia,"1.55ctw Natural Emerald Sidestone Diamond Engagement Ring GIA VS2-F",155ctw-natural-emerald-sidestone-diamond-engagement-ring-gia-vs2-f,"8495,8496,8497,8498,8499"
configurable,8500,cha-1006-em-1.5ct-vs2g-gia,"1.55ct Emerald Side Bar Channel Natural Diamond Engagement Ring GIA VS2-G",155ct-emerald-side-bar-channel-natural-diamond-engagement-ring-gia-vs2-g,"8501,8502,8503,8504,8505"
configurable,8506,cha-1006-em-1.5ct-vs2h-gia,"1.55ct Emerald SidestoneNatural Diamond Engagement Ring GIA VS2-H",155ct-emerald-sidestonenatural-diamond-engagement-ring-gia-vs2-h,"8507,8508,8509,8510,8511"
configurable,8512,cha-1006-em-1.5ct-vs2i-gia,"1.55ct Natural Emerald Sidestone Channel Diamond Engagement Ring GIA VS2-I",155ct-natural-emerald-sidestone-channel-diamond-engagement-ring-gia-vs2-i,"8513,8514,8515,8516,8517"
configurable,8518,tst-cha-em-5091-em-vs2f-gia,"2.9ct Natural Emerald 3-stone Channel Diamond Engagement Ring VS2-F GIA",29ct-natural-emerald-3-stone-channel-diamond-engagement-ring-vs2-f-gia,"8519,8520,8521,8522,8523"
configurable,8524,tst-cha-em-5091-em-vs2g-gia,"2.9ct Natural Emerald 3-stone Pave Diamond Engagement Ring VS2-G GIA",29ct-natural-emerald-3-stone-pave-diamond-engagement-ring-vs2-g-gia,"8525,8526,8527,8528,8529"
configurable,8530,tst-cha-em-5091-em-vs2h-gia,"2.9ct Emerald Channel 3-Stone Natural Diamond Engagement Ring VS2-H GIA",29ct-emerald-channel-3-stone-natural-diamond-engagement-ring-vs2-h-gia,"8531,8532,8533,8534,8535"
configurable,8545,tst-cha-em-5091-em-vs2i-gia,"2.9ct Natural Emerald 3-Stone Channel Set Diamond Engagement Ring GIA VS2-I",29ct-natural-emerald-3-stone-channel-set-diamond-engagement-ring-gia-vs2-i,"8546,8547,8548,8549,8550"
configurable,8551,tst-pav-5282-em-1.5ct-vs2f-gia,"3.38ct Natural Emerald 3-Stone Pave Diamond Engagement Ring GIA VS2-F",338ct-natural-emerald-3-stone-pave-diamond-engagement-ring-gia-vs2-f,"8552,8553,8554,8555,8556"
configurable,8563,tst-pav-5282-em-1.5ct-vs2g-gia,"3.38ct Natural Emerald Side Profile 3 Stone Diamond Engagement Ring VS2-G GIA",338ct-natural-emerald-side-profile-3-stone-diamond-engagement-ring-vs2-g-gia,"8564,8565,8566,8567,8568"
configurable,8569,tst-pav-5282-em-1.5ct-vs2h-gia,"3.38ct Emerald Pave 3-Stone Natural Diamond Engagement Ring VS2-H GIA",338ct-emerald-pave-3-stone-natural-diamond-engagement-ring-vs2-h-gia,"8571,8572,8573,8574,8575"
configurable,8576,tst-pav-5282-em-1.5ct-vs2i-gia,"3.38ct Natural Emerald 3-Stone Art Deco Diamond Engagement Ring VS2-I GIA",338ct-natural-emerald-3-stone-art-deco-diamond-engagement-ring-vs2-i-gia,"8577,8578,8579,8580,8581"
configurable,8587,hal-5322-em-1.5ct-vs2f-gia,"2.50ctw Natural Emerald Double Halo Diamond VS2-F GIA Engagement Ring",250ctw-natural-emerald-double-halo-diamond-vs2-f-gia-engagement-ring,"8590,8591,8592,8593,8594"
configurable,8595,hal-5322-em-1.5ct-vs2g-gia,"2.50ctw Natural Emerald Pave Halo Diamond VS2-g GIA Engagement Ring",250ctw-natural-emerald-pave-halo-diamond-vs2-g-gia-engagement-ring,"8596,8597,8598,8599,8600"
configurable,8602,hal-5322-em-1.5ct-vs2h-gia,"2.50ctw Natural Emerald Side Profile Halo Diamond VS2-H GIA Engagement Ring",250ctw-natural-emerald-side-profile-halo-diamond-vs2-h-gia-engagement-ring,"8603,8604,8605,8606,8607"
configurable,8608,hal-5322-em-1.5ct-vs2i-gia,"2.50ctw Natural Emerald Halo Art Deco Diamond VS2-I GIA Engagement Ring",250ctw-natural-emerald-halo-art-deco-diamond-vs2-i-gia-engagement-ring,"8609,8610,8611,8612,8613"
configurable,8626,hal-6144-em-1.5ct-vs2f-gia,"2.60ctw Natural Emerald Double Row Halo Engagement Ring VS2-F GIA",260ctw-natural-emerald-double-row-halo-engagement-ring-vs2-f-gia,"8627,8628,8629,8630,8631"
configurable,8632,hal-6144-em-1.5ct-vs2g-gia,"2.60ctw Natural Emerald Double Halo Pave Engagement Ring VS2-G GIA",260ctw-natural-emerald-double-halo-pave-engagement-ring-vs2-g-gia,"8633,8634,8635,8636,8637"
configurable,8638,hal-6144-em-1.5ct-vs2h-gia,"2.60ctw Natural Emerald Art Deco Halo Engagement Ring VS2-H GIA",260ctw-natural-emerald-art-deco-halo-engagement-ring-vs2-h-gia,"8639,8640,8641,8642,8643"
configurable,8644,hal-6144-em-1.5ct-vs2i-gia,"2.60ctw Natural Emerald Split Halo Engagement Ring GIA VS2-I",260ctw-natural-emerald-split-halo-engagement-ring-gia-vs2-i,"8645,8646,8647,8648,8649"
configurable,8650,cha-6116-em-1.5ct-vs2f-gia,"2.40ct Natural Emerald Bezel Channel Diamond Engagement Ring VS2-F GIA",240ct-natural-emerald-bezel-channel-diamond-engagement-ring-vs2-f-gia,"8651,8652,8653,8654,8655"
configurable,8666,cha-6116-em-1.5ct-vs2g-gia,"2.40ctw Natural Emerald Cathedral Diamond Engagement Ring GIA VS2-G",240ctw-natural-emerald-cathedral-diamond-engagement-ring-gia-vs2-g,"8667,8668,8669,8670,8671"
configurable,8673,cha-6116-em-1.5ct-vs2h-gia,"2.40ctw Natural Emerald Halo Cathedral Diamond Engagement Ring GIA VS2-H",240ctw-natural-emerald-halo-cathedral-diamond-engagement-ring-gia-vs2-h,"8674,8675,8676,8677,8678"
configurable,8696,cha-6116-em-1.5ct-vs2i-gia,"2.40ctw Natural Emerald Bezel Channel Diamond Engagement Ring GIA VS2-I",240ctw-natural-emerald-bezel-channel-diamond-engagement-ring-gia-vs2-i,"8697,8698,8699,8700,8701"
configurable,8742,pav-6091-em-1.5ct-vs2f-gia,"2.60ct Natural Emerald Cathedral Bezel Pave Diamonds Engagement Ring VS2-F GIA",260ct-natural-emerald-cathedral-bezel-pave-diamonds-engagement-ring-vs2-f-gia,"8743,8744,8745,8746,8747"
configurable,8748,pav-6091-em-1.5ct-vs2g-gia,"2.60ct Natural Emerald Bezel Pave Diamonds Engagement Ring VS2-G GIA",260ct-natural-emerald-bezel-pave-diamonds-engagement-ring-vs2-g-gia,"8749,8750,8751,8752,8753,8756,8757,8758,8759,8760"
configurable,8755,pav-6091-em-1.5ct-vs2h-gia,"2.60ct Natural Emerald Pave Bezel Diamonds Engagement Ring VS2-H GIA",260ct-natural-emerald-bezel-pave-diamonds-engagement-ring-vs2-h-gia,
configurable,8763,pav-6091-em-1.5ct-vs2i-gia,"2.60ct Emerald Bezel Cathedral Natural Diamonds Engagement Ring VS2-I GIA",260ct-emerald-bezel-cathedral-natural-diamonds-engagement-ring-vs2-i-gia,"8764,8765,8766,8767,8768"
configurable,8781,sol-6005-em-1.5ct-vs2f-gia,"1.5ct Natural Emerald Sine Wave Solitaire Engagement Ring",15ct-natural-emerald-sine-wave-solitaire-engagement-ring,"9488,9489,9490,9491,9492,9493,9494"
configurable,8782,men-6172-ps-.80ct,".80ct Princess Channel Signet Natural Diamond Men's Band",80ct-princess-channel-signet-natural-diamond-men-s-band,"8783,8784,8785,8786,8787"
configurable,8789,men-6172-ps-1ct,"1.00ct Natural Princess Signet Channel Diamond Men's Band",100ct-natural-princess-signet-channel-diamond-men-s-band,"8790,8791,8792,8793,8794"
configurable,8795,men-6172-ps-1.5ct,"1.50ct Natural Comfort Fit Princess Diamond Men's Band",150ct-natural-comfort-fit-princess-diamond-men-s-band,"8796,8797,8798,8799,8800"
configurable,8813,men-6172-as-.80ct,".80ct Asscher Channel Natural Diamond Men's Anniversary Band",80ct-asscher-channel-natural-diamond-men-s-anniversary-band,"8815,8816,8817,8818,8819"
configurable,8820,men-6172-as-1ct,"1.00ct Natural Asscher Euro Shank Diamond Men's Band",100ct-natural-asscher-euro-shank-diamond-men-s-band,"8821,8822,8823,8824,8825"
configurable,8826,men-6172-as-1.5ct,"1.50ct Asscher Signet Channel Natural Diamond Men's Band",150ct-asscher-signet-channel-natural-diamond-men-s-band,"8828,8829,8830,8831,8832"
configurable,8848,men-6172-rd-.80ct,".80ct Round Channel Signet Natural Diamond Men's Anniversary Band",80ct-round-channel-signet-natural-diamond-men-s-anniversary-band,"8849,8850,8851,8852,8853"
configurable,8854,men-6172-rd-1ct,"1.00ct Natural Round Euro Channel Diamond Men's Band",100ct-natural-round-euro-channel-diamond-men-s-band,"8855,8856,8857,8858,8859"
configurable,8861,men-6172-rd-1.5ct,"1.50ct Round Channel Natural Diamond Men Anniversary Band",150ct-round-channel-natural-diamond-men-anniversary-band,"8863,8864,8865,8866,8867"
configurable,8868,men-6228-ps-.80ct,".80ct Natural Bold Prong Princess Diamond Men's Band",80ct-natural-bold-prong-princess-diamond-men-s-band,"8869,8870,8871,8872,8873"
configurable,8898,men-6228-ps-1ct,"1ct Natural Princess Prong Set Diamond Men Anniversary Band",1ct-natural-princess-prong-set-diamond-men-anniversary-band,"8900,8901,8902,8903,8904"
configurable,8908,men-6228-rd-.50ct,".80ct Natural Bold Prong Round Diamond Men Anniversary Band",80ct-natural-bold-prong-round-diamond-men-anniversary-band,"8909,8910,8911,8912,8913"
configurable,8915,wed-pav-6229-.75ct,".75ct Natural Fashion Pave Weave Diamond Men Anniversary Band",75ct-natural-fashion-pave-weave-diamond-men-anniversary-band,"8916,8917,8918,8919,8920"
configurable,8921,wed-pav-6229-.75ct-2T,".75ct Natural Two-Tone Weave Diamond Men Anniversary Band",75ct-natural-two-tone-weave-diamond-men-anniversary-band,"8965,8966,8967,8968,8969,8970"
configurable,8930,wed-6229-2T,"6mm Fashion Two-Tone Weave Design Anniversary Band",6mm-fashion-two-tone-weave-design-anniversary-band,"8931,8932,8933,8934,8935,8936"
configurable,8939,wed-6230-.30ct,".30ctw Natural Round cut Channel Set Anniversary Wedding Band",30ctw-natural-round-cut-channel-set-anniversary-wedding-band,"8940,8941,8942,8943,8944,8945,8946"
configurable,8948,wed-6230-.60ct,".60ctw Natural Round Diamond Channel Anniversary Wedding Ring",60ctw-natural-round-diamond-channel-anniversary-wedding-ring,"8956,8957,8958,8959,8960,8961,8962"
configurable,8971,men-6129-.30ct,".30ctw Natural Round Comfort Fit Bezel Diamond Men's Band",30ctw-natural-round-comfort-fit-bezel-diamond-men-s-band,"8972,8973,8974,8975,8976,8977,8978"
configurable,8980,men-6129-.15ct,".15ctw Bezel Set Natural Round Diamond Men's Band",15ctw-bezel-set-natural-round-diamond-men-s-band,"8982,8983,8984,8985,8986,8987,8988"
configurable,8989,men-6226-ps-1.5ct,"1.5ctw Natural Princess Invisible Set Diamonds Men's Band",15ctw-natural-princess-invisible-set-diamonds-men-s-band,"8990,8991,8992,8993,8994"
configurable,8995,men-6226-rd-1.5ct,"1.5ctw Round Invisible Set Natural Diamonds Men's Band",15ctw-round-invisible-set-natural-diamonds-men-s-band,"8997,8998,8999,9000,9001"
configurable,9007,wed-cha-6202,"1 ctw Natural Round Collar Invisible Set Anniversary Ring",1-ctw-natural-round-collar-invisible-set-anniversary-ring,"9008,9009,9010,9011,9012,9013,9014"
configurable,9015,men-6231,"7mm Comfort Fit Bold Men's Wedding Anniversary Band",7mm-comfort-fit-bold-men-s-wedding-anniversary-band,"9016,9017,9018,9019,9020,9021,9022"
configurable,9023,wed-6232,"7mm Carved Pattern Men Women Wedding Anniversary Band",7mm-carved-pattern-men-women-wedding-anniversary-band,"9025,9026,9027,9028,9029,9030,9031"
configurable,9034,wed-pav-6199,"6mm Natural Round Pave Men's Wedding Anniversary Ring",6mm-natural-round-pave-men-s-wedding-anniversary-ring,"9035,9036,9037,9038,9039,9040,9041"
configurable,9051,tst-6027-bag-em-1.5ct-vs2f-gia,"2.10ctw Natural Emerald Baguette Bezel Engagement Ring GIA VS2-F",210ctw-natural-emerald-baguette-bezel-engagement-ring-gia-vs2-f,"9052,9053,9054,9055,9056"
configurable,9057,tst-6027-bag-em-1.5ct-vs2g-gia,"2.10 ct Natural Emerald Bezel Baguette Engagement Ring GIA VS2-G",210-ct-natural-emerald-bezel-baguette-engagement-ring-gia-vs2-g,"9058,9059,9060,9061,9062"
configurable,9063,ety-5431-em-10.5ct,"10.5tcw Natural Emerald Diamonds Prong Eternity Ring",105tcw-natural-emerald-diamonds-prong-eternity-ring,"9064,9065,9066,9067,9068"
configurable,9069,ety-5431-em-8ct,"8tcw Natural Emerald Diamonds Shared Prong Eternity Ring",8tcw-natural-emerald-diamonds-shared-prong-eternity-ring,"9071,9072,9073,9074,9075"
configurable,9076,ety-5431-em-4ct,"4tcw Shared Prong Natural Emerald Diamonds Eternity Ring",4tcw-shared-prong-natural-emerald-diamonds-eternity-ring,"9077,9078,9079,9080,9081"
configurable,9082,ety-5351-2.5ct,"2.50ctw Natural Channel Pave Diamonds Eternity Ring",250ctw-natural-channel-pave-diamonds-eternity-ring,"9083,9084,9085,9086,9087"
configurable,9088,ety-5351-3.5ct,"3.50ctw Natural Princess Pave Diamonds Eternity Band",350ctw-natural-princess-pave-diamonds-eternity-band,"9089,9090,9091,9092,9093"
configurable,9094,ety-5351-4.5ct,"4.50ctw Princess Channel Natural Diamonds Eternity Ring",450ctw-princess-channel-natural-diamonds-eternity-ring,"9095,9096,9097,9098,9099"
configurable,9138,ety-5384-ps-2.5ct,"2.50ctw Natural Princess Prong Natural Diamonds Eternity Ring",250ctw-natural-princess-prong-natural-diamonds-eternity-ring,"9140,9141,9142,9143,9144"
configurable,9146,ety-5384-ps-4.5ct,"4.50ctw Natural Princess cut Prong Diamonds Eternity Band",450ctw-natural-princess-cut-prong-diamonds-eternity-band-14k-18k-platinum-gold,"9147,9148,9149,9150,9151"
configurable,9153,ety-5384-ps-5.5ct,"5.50ctw Princess Prong Set Natural Diamonds Eternity Ring",550ctw-princess-prong-set-natural-diamonds-eternity-ring,"9154,9155,9156,9157,9158,10122,10123,10124,10125,10126"
configurable,9160,ety-pav-5033-2.5ct,"2.50ctw Natural Princess Blue Sapphire Diamond Eternity Ring",250ctw-natural-princess-blue-sapphire-diamond-eternity-ring,"9161,9162,9163,9164,9165"
configurable,9166,ety-pav-5033-3.5ct,"3.50ctw Natural Princess Pave Blue Sapphire Diamond Eternity Ring",350ctw-natural-princess-pave-blue-sapphire-diamond-eternity-ring,"9167,9168,9169,9170,9171"
configurable,9172,ety-pav-5033-4.5ct,"4.50ct Sapphire Pave Channel Natural Diamond Eternity Ring",450ct-sapphire-pave-channel-natural-diamond-eternity-ring,"9173,9174,9175,9176,9177"
configurable,9178,ety-1025-cu-2ct,"2ctw Natural Cushion Prong Set Eternity Diamond Ring",2ctw-natural-cushion-prong-set-eternity-diamond-ring,"9181,9182,9183,9184,9185"
configurable,9186,ety-1025-cu-3ct,"3ctw Cushion Prong Eternity Natural Diamond Band",3ctw-cushion-prong-eternity-natural-diamond-band,"9188,9189,9190,9191,9192"
configurable,9201,ety-1025-cu-4ct,"4ctw Natural Eternity Set Cushion Diamonds Anniversary Ring",4ctw-natural-eternity-set-cushion-diamonds-anniversary-ring,"9202,9203,9204,9205,9206"
configurable,9208,ety-1025-cu-5ct,"5ctw Natural Cushion Diamonds Eternity Anniversary Ring",5ctw-natural-cushion-diamonds-eternity-anniversary-ring,"9210,9211,9212,9213,9214"
configurable,9215,ety-1025-cu-6ct,"6ctw Natural Brilliant Cushion Diamond Eternity Band",6ctw-natural-brilliant-cushion-diamond-eternity-band,"9216,9217,9218,9219,9220"
configurable,9222,ety-5432-as-4ct,"4ctw Gorgeous Natural Asscher Diamonds Prong Eternity Band",4ctw-gorgeous-natural-asscher-diamonds-prong-eternity-band,"9223,9224,9225,9226,9227"
configurable,9228,ety-5432-as-5ct,"5ctw Lovely Asscher Natural Diamonds Prong Eternity Ring",5ctw-lovely-asscher-natural-diamonds-prong-eternity-ring,"9229,9230,9231,9232,9233"
configurable,9234,ety-5432-as-6ct,"6ctw Natural Asscher Diamonds Shared Prong Eternity Ring",6ctw-natural-asscher-diamonds-shared-prong-eternity-ring,"9235,9236,9237,9238,9239"
configurable,9240,ety-5432-as-8ct,"8 ct Asscher Shared Prong Natural Diamonds Eternity Band",8-ct-asscher-shared-prong-natural-diamonds-eternity-band,"9241,9242,9243,9244,9245"
configurable,9247,ety-5360-rd-1.25ct,"1.25 ct Natural Round Shared Prong Diamonds Eternity Band",125-ct-natural-round-shared-prong-diamonds-eternity-band,"9248,9249,9250,9251,9252"
configurable,9253,ety-5360-rd-2ct,"2ctw Natural Brilliant Round Shared Prong Diamonds Eternity Ring",2ctw-natural-brilliant-round-shared-prong-diamonds-eternity-ring,"9254,9255,9256,9257,9258"
configurable,9259,ety-5360-rd-3ct,"3ctw Brilliant Round Shared Prong Natural Diamonds Eternity Ring",3ctw-brilliant-round-shared-prong-natural-diamonds-eternity-ring,"9260,9261,9262,9263,9264"
configurable,9265,ety-5360-rd-4ct,"4ctw Natural Brilliant Round Prong Diamonds Eternity Band",4ctw-natural-brilliant-round-prong-diamonds-eternity-band,"9266,9267,9268,9269,9270"
configurable,9271,ety-5360-rd-5ct,"5 ct Brilliant Round Prong Natural Diamonds Eternity Ring",5-ct-brilliant-round-prong-natural-diamonds-eternity-ring,"9272,9273,9274,9275,9276"
configurable,9277,ety-5433-rd-2ct,"2ctw Natural Brilliant Round Half Bezel Diamonds Eternity Ring",2ctw-natural-brilliant-round-half-bezel-diamonds-eternity-ring,"9285,9286,9287,9288,9289"
configurable,9290,ety-5434-rd-2ct,"2ctw Natural Brilliant Round Tension Diamonds Eternity Ring",2ctw-natural-brilliant-round-tension-diamonds-eternity-ring,"9291,9292,9293,9294,9295"
configurable,9296,ety-5433-rd-3ct,"3ctw Brilliant Round Half Bezel Natural Diamonds Eternity Band",3ctw-brilliant-round-half-bezel-natural-diamonds-eternity-band,"9297,9298,9299,9300,9301"
configurable,9302,ety-5434-rd-3ct,"3ctw Natural Tension Set Brilliant Round Diamonds Eternity Ring",3ctw-natural-tension-set-brilliant-round-diamonds-eternity-ring,"9303,9304,9305,9306,9307"
configurable,9308,ety-5433-rd-4ct,"4ctw Natural Round Half Bezel Set Diamonds Eternity Ring",4ctw-natural-round-half-bezel-set-diamonds-eternity-ring,"9309,9310,9311,9312,9313"
configurable,9314,ety-5434-rd-4ct,"4ctw Natural Round Tension Setting Diamonds Eternity Ring",4ctw-natural-round-tension-setting-diamonds-eternity-ring,"9315,9316,9317,9318,9319"
configurable,9320,ety-5433-rd-5ct,"5ctw Round Brilliant Half Bezel Set Natural Diamonds Eternity Ring",5ctw-round-brilliant-half-bezel-set-natural-diamonds-eternity-ring,"9321,9322,9323,9324,9325"
configurable,9326,ety-5434-rd-5ct,"5ctw Natural Round Brilliant Tension Diamonds Eternity Band",5ctw-natural-round-brilliant-tension-diamonds-eternity-band,"9327,9328,9329,9330,9331"
configurable,9347,hal-5435-cu-1ct-si1g-eglusa,"1.56ctw Natural Cushion Swirl Halo Engagement Ring EGL-USA SI1-G",156ctw-natural-cushion-swirl-halo-engagement-ring-gia-si1-g,
configurable,9353,hal-5435-cu-1ct-si1h-eglusa,"1.56ct Natural Cushion Pave Halo Engagement Ring SI1-H EGL-USA",156ct-natural-cushion-pave-halo-engagement-ring-si1-h-egl-usa,"9354,9355,9356,9357,9358"
configurable,9359,hal-5435-cu-1ct-si1i-eglusa,"1.56ct Natural Brilliant Cushion Halo EGL-USA SI1-I Engagement Ring",156ct-natural-brilliant-cushion-halo-egl-usa-si1-i-engagement-ring,"9361,9362,9363,9364,9365"
configurable,9367,hal-5436-cu-1ct-si1g-eglusa,"1.31ct Natural Cushion Micro Pave Halo EGL-USA Engagement Ring SI1-G",1-31ct-natural-cushion-micro-pave-halo-egl-usa-engagement-ring-si1-g,"9368,9369,9370,9371,9372"
configurable,9373,hal-5436-cu-1ct-si1h-eglusa,"1.31ct Natural Cushion Halo Micro Pave Engagement Ring SI1-H EGL-USA",1-31ct-natural-cushion-halo-micro-pave-engagement-ring-si1-h-egl-usa,"9374,9375,9376,9377,9378"
configurable,9379,hal-5436-cu-1ct-si1i-eglusa,"1.31ct Natural Brilliant Cushion Halo Engagement Ring SI1-I EGL-USA",1-31ct-natural-brilliant-cushion-halo-engagement-ring-si1-i-egl-usa,"9380,9381,9382,9383,9384"
configurable,9386,hal-sid-5437-cu-1ct-si1g-eglusa,"1.53ct Natural Brilliant Cushion Halo Engagement Ring EGL-USA SI1-G",1-53ct-natural-brilliant-cushion-halo-engagement-ring-egl-usa-si1-g,"9387,9388,9389,9390,9391"
configurable,9392,hal-sid-5437-cu-1ct-si1h-eglusa,"1.53ct Natural Cushion Halo Pave SI1-H EGL-USA Engagement Ring",156ct-natural-cushion-halo-pave-si1-h-egl-usa-engagement-ring,"9393,9394,9395,9396,9397"
configurable,9398,hal-sid-5437-cu-1ct-si1i-eglusa,"1.53ct Brilliant Cushion Natural Diamond Engagement Ring SI1-I EGL-USA",1-53ct-brilliant-cushion-natural-diamond-engagement-ring-si1-i-egl-usa,"9399,9400,9401,9402,9403"
configurable,9440,pav-3004-em-1.5ct-vs2f-gia,"2.86ctw Natural Emerald Pave Diamond Engagement Ring VS2-F GIA",1-53ct-brilliant-cushion-natural-diamond-engagement-ring-si1-i-egl-usa,"9441,9442,9443,9444,9445"
configurable,9446,pav-3004-em-1.5ct-vs2g-gia,"2.86ctw Emerald Pave Natural Diamond Engagement Ring VS2-G GIA",286ctw-emerald-pave-natural-diamond-engagement-ring-vs2-g-gia,"9447,9448,9449,9450,9451"
configurable,9452,pav-3004-em-1.5ct-vs2h-gia,"2.86ct Emerald Pave Natural Diamond VS2-H GIA Engagement Ring",286ct-emerald-pave-natural-diamond-vs2-h-gia-engagement-ring,"9453,9454,9455,9456,9457"
configurable,9458,pav-3004-em-1.5ct-vs2i-gia,"2.86ct Natural Emerald Diamond Pave VS2-I GIA Engagement Ring",286ct-natural-emerald-diamond-pave-vs2-i-gia-engagement-ring,"9459,9460,9461,9462,9463"
configurable,9496,sol-5439-em-1.5ct-vs2g-gia,"1.50ct Natural Emerald Diamond Engagement Ring VS2-G GIA",150ct-natural-emerald-diamond-engagement-ring-vs2-g-gia,"9497,9498,9499,9500,9501"
configurable,9502,sol-5439-em-1.5ct-vs2h-gia,"1.50ct Emerald Natural Diamond Engagement Ring GIA VS2-H",150ct-emerald-natural-diamond-engagement-ring-gia-vs2-h,"9503,9504,9505,9506,9507"
configurable,9516,sol-5439-ps-1ct-si1g-gia,"1 ct Natural Princess Solitaire Engagement Ring GIA SI1-G",1-ct-natural-princess-solitaire-engagement-ring-gia-si1-g,"9517,9518,9519,9520,9521"
configurable,9522,sol-5439-cu-1ct-si1i-eglusa,"1.00ct Natural Princess Solitaire Engagement Ring SI1-I EGL-USA",1-00ct-natural-princess-solitaire-engagement-ring-si1-i-egl-usa,"9523,9524,9525,9526,9527"
configurable,9551,tst-sid-2001-em-1.5ct-vs2h-gia,"2.8ctw Natural Emerald 3-Stone Diamond Engagement Ring GIA VS2-H",28ctw-natural-emerald-3-stone-diamond-engagement-ring-gia-vs2-h,"9552,9553,9554,9555,9556"
configurable,9557,tst-sid-2001-em-1.5ct-vs2i-gia,"2.8ct Natural Emerald 3-Stone Diamond GIA VS2-I Engagement Ring ",28ct-natural-emerald-3-stone-diamond-gia-vs2-i-engagement-ring,"9558,9559,9560,9561,9562"
configurable,9563,wst-pav-5304-em-1.5ct-vs2f-gia,"2 tcw Natural Emerald Pave Diamond Bridal Set Ring VS2-F GIA",2-tcw-natural-emerald-pave-diamond-bridal-set-ring-vs2-f-gia,"9564,9565,9566,9567,9568"
configurable,9569,wst-pav-5304-em-1.5ct-vs2g-gia,"2.00ct Natural Emerald Pave Diamond Wedding Set VS2-G GIA",200ct-natural-emerald-pave-diamond-wedding-set-vs2-g-gia,"9570,9571,9572,9573,9574"
configurable,9575,wst-pav-5304-em-1.5ct-vs2h-gia,"2.00ct Emerald Natural Pave Diamond Bridal Set GIA VS2-H",200ct-emerald-natural-pave-diamond-bridal-set-gia-vs2-h,"9576,9577,9578,9579,9580"
configurable,9589,wst-pav-5304-em-1.5ct-vs2i-gia,"2 ct Emerald Pave Natural Diamond Wedding Set GIA VS2-H",2-ct-emerald-pave-natural-diamond-wedding-set-gia-vs2-h,"9590,9591,9592,9593,9594"
configurable,9595,hal-5430-cu-1ct-si1g-eglusa,"2.18ct Natural Cushion Micro Pave Halo Engagement Ring EGL-USA SI1-G",218ct-natural-cushion-micro-pave-halo-engagement-ring-egl-usa-si1-g,"9596,9597,9598,9599,9600"
configurable,9601,hal-5430-cu-1ct-si1h-eglusa,"2.18ct Natural Cushion Pave Halo Engagement Ring SI1-H EGL-USA",218ct-natural-cushion-pave-halo-engagement-ring-si1-h-egl-usa,"9602,9603,9604,9605,9606"
configurable,9607,hal-5430-cu-1ct-si1i-eglusa,"2.18ctw Cushion Halo Natural Diamond Engagement Ring SI1-I EGL-USA",218ctw-cushion-halo-natural-diamond-engagement-ring-si1-i-egl-usa,"9608,9609,9610,9611,9612"
configurable,9613,hal-cha-3001-ps-.5ct-vs2e-gia,"1.4 ctw Natural Princess cut Channel Pave Diamond VS2-E GIA",14-ctw-natural-princess-cut-channel-pave-diamond-vs2-e-gia,"9614,9615,9616,9617,9618"
configurable,9619,hal-5343-ps-.5ct-vs2e-gia,".94 ctw Natural Princess Diamond Engagement Ring VS2-E GIA",94-ctw-natural-princess-diamond-engagement-ring-vs2-e-gia,"9620,9621,9622,9623,9624"
configurable,9625,wst-pav-5166-em-1.5ct-vs2f-gia,"2.29ctw Natural Emerald Pave Diamond Wedding Set GIA VS2-F",229ctw-natural-emerald-pave-diamond-wedding-set-gia-vs2-f,"9626,9627,9628,9629,9630"
configurable,9631,wst-pav-5166-em-1.5ct-vs2g-gia,"2.29ctw Emerald Pave Natural Diamond Bridal Set GIA VS2-G",229ctw-emerald-pave-natural-diamond-bridal-set-gia-vs2-g,"9665,9666,9667,9668,9669"
configurable,9639,wst-pav-5001-em-1.5ct-vs2f-gia,"2.37 ctw Natural Emerald Pave Diamond Wedding Set GIA VS2-F",237-ctw-natural-emerald-pave-diamond-wedding-set-gia-vs2-f,"9640,9641,9642,9643,9644"
configurable,9645,wst-pav-5001-em-1.5ct-vs2g-gia,"2.37ctw Natural Emerald Tension Diamond Bridal Set VS2-G GIA",237ctw-natural-emerald-tension-diamond-bridal-set-vs2-g-gia,"9647,9648,9649,9650,9651"
configurable,9652,wst-pav-5001-em-1.5ct-vs2h-gia,"2.37 ct Emerald cut Pave Natural Diamond Bridal Set VS2-H GIA",237-ct-emerald-cut-pave-natural-diamond-bridal-set-vs2-h-gia,"9653,9654,9655,9656,9657"
configurable,9658,wst-pav-5001-em-1.5ct-vs2i-gia,"2.37ct Emerald cut Tension Natural Diamond Wedding Set VS2-I GIA",237ct-emerald-cut-tension-natural-diamond-wedding-set-vs2-i-gia,"9659,9660,9661,9662,9663"
configurable,9664,wst-pav-5166-em-1.5ct-vs2h-gia,"2.29ct Natural Emerald cut Pave Diamond  GIA VS2-H Wedding Set",229ct-natural-emerald-cut-pave-diamond-gia-vs2-h-wedding-set,"9672,9673,9674,9675,9676"
configurable,9670,wst-pav-5166-em-1.5ct-vs2i-gia,"2.29ct Emerald Micro Pave Natural Diamond Bridal Set VS2-I GIA",229ct-emerald-micro-pave-natural-diamond-bridal-set-vs2-i-gia,"9677,9678,9679,9680,9681"
configurable,9730,wst-cha-1037-em-1.5ct-vs2f-gia,"3 ctw Natural Emerald Cut Diamond Wedding Set VS2-F GIA",3-ctw-natural-emerald-cut-diamond-wedding-set-vs2-f-gia,"9731,9732,9733,9734,9735"
configurable,9736,wst-cha-1037-em-1.5ct-vs2g-gia,"3 ctw Natural Emerald Channel Diamond Bridal Set GIA VS2-G",3-ctw-natural-emerald-channel-diamond-bridal-set-gia-vs2-g,"9737,9738,9739,9740,9741"
configurable,9742,wst-cha-1037-em-1.5ct-vs2h-gia,"3 ct Emerald Channel Natural Diamond Bridal Set VS2-H GIA",3-ctw-natural-emerald-channel-diamond-bridal-set-gia-vs2-g,"9744,9745,9746,9747,9748"
configurable,9749,wst-cha-1037-em-1.5ct-vs2i-gia,"3ctw Emerald 3-Stone Natural Diamond VS2-H GIA Bridal Set",3ctw-emerald-3-stone-natural-diamond-vs2-h-gia-bridal-set,"9750,9751,9752,9753,9754"
configurable,10116,WST-1054-PR-1ct-si1g-gia-BLACKFRIDAYSALE,"2.99ctw Natural Princess Cut Diamond Engagement Wedding Ring GIA SI1-G",299ctw-natural-princess-cut-diamond-engagement-wedding-ring-gia-si1-g,"7764,7765,7766,7767,7768,10117,10118,10119,10120,10121"
configurable,10210,wst-pav-6040-ps-PR142,"2.96ctw Natural Round cut Accent Pave Diamonds Engagement Ring VS1-G EGL",296ctw-natural-round-cut-accent-pave-diamonds-engagement-ring-vs1-g-egl,"10211,10212,10213,10214,10215"
configurable,11863,hal-5444-ov-1ct-si1g-gia,"2.25ct Oval 3-Stone Halo Diamond Engagement Ring SI1-G GIA",225ct-oval-3-stone-halo-diamond-engagement-ring-si1-g-gia,"11865,11866,11867,11868,11869"
configurable,11871,hal-5444-ov-1ct-si1h-gia,"2.25ct Oval 3-Stone Halo Diamond Engagement Ring SI1-H GIA",225ct-oval-3-stone-halo-diamond-engagement-ring-si1-h-gia,"11874,11875,11876,11877,11878"
configurable,11886,hal-5444-ov-1ct-si1i-gia,"2.25ct Oval 3-Stone Halo Diamond Engagement Ring SI1-I GIA",225ct-oval-3-stone-halo-diamond-engagement-ring-si1-i-gia,"11887,11888,11889,11890,11891"
configurable,11894,hal-sid-5445-cu-1ct-si1g-gia,"1.58ct Natural Cushion Sidestone Diamond Engagement Ring SI1-G GIA",158ct-natural-cushion-sidestone-diamond-engagement-ring-si1-g-gia,"11901,11902,11903,11904,11905"
configurable,11906,hal-sid-5445-cu-1ct-si1h-gia,"1.58ct Natural Cushion Sidestone Diamond Engagement Ring SI1-H GIA",158ct-natural-cushion-sidestone-diamond-engagement-ring-si1-h-gia,"11960,11961,11962,11963,11964"
configurable,12046,hal-sid-5445-cu-1ct-si1i-gia,"1.58ct Natural Cushion Sidestone Diamond Engagement Ring SI1-I GIA",158ct-natural-cushion-sidestone-diamond-engagement-ring-si1-h-gia,"12047,12048,12049,12050,12051"
configurable,12052,tst-hal-5443-cu-1ct-si1g-gia,"1.97ct Natural Cushion Pave Diamond Engagement Ring SI1-G GIA",197ct-natural-cushion-pave-diamond-engagement-ring-si1-g-gia,"12054,12055,12056,12057,12058"
configurable,12065,tst-hal-5443-cu-1ct-si1h-gia,"1.97ct Natural Cushion Pave Diamond Engagement Ring SI1-H GIA",197ct-natural-cushion-pave-diamond-engagement-ring-si1-h-gia,"12066,12067,12068,12069,12070"
configurable,12071,tst-hal-5443-cu-1ct-si1i-gia,"1.97ct Natural Cushion Pave Diamond Engagement Ring SI1-I GIA",197ct-natural-cushion-pave-diamond-engagement-ring-si1-i-gia,"12072,12073,12074,12075,12076"
configurable,12492,pav-3005-cu-1ct-si1g-gia,"1.90ctw Natural Cushion Diamond Pave Engagement Ring SI1-G GIA",190ctw-natural-cushion-diamond-pave-engagement-ring-si1-g-gia,"12493,12494,12495,12496,12497"
configurable,12498,pav-3005-cu-1ct-si1h-gia,"1.90ctw Natural Cushion Diamond Pave Engagement Ring SI1-H GIA",190ctw-natural-cushion-diamond-pave-engagement-ring-si1-h-gia,"12499,12500,12501,12502,12503"
configurable,12504,pav-3005-cu-1ct-si1i-gia,"1.90ctw Natural Cushion Diamond Pave Engagement Ring SI1-I GIA",190ctw-natural-cushion-diamond-pave-engagement-ring-si1-i-gia,"12513,12514,12515,12516,12517"
configurable,12518,pav-3005-rd-1ct-si1g-gia,"1.90ctw Natural Round Diamond Pave Engagement Ring SI1-G GIA",190ctw-natural-round-diamond-pave-engagement-ring-si1-g-gia,"12519,12520,12521,12522,12523"
configurable,12524,pav-3005-rd-1ct-si1h-gia,"1.90ctw Natural Round Diamond Pave Engagement Ring SI1-H GIA",190ctw-natural-round-diamond-pave-engagement-ring-si1-h-gia,"12525,12526,12527,12528,12529"
configurable,12530,pav-3005-rd-1ct-si1i-gia,"1.90ctw Natural Round Diamond Pave Engagement Ring SI1-I GIA",190ctw-natural-round-diamond-pave-engagement-ring-si1-i-gia,"12532,12533,12534,12535,12536"
configurable,12538,hal-5459-ps-1ct-si1g-gia,"2ct Natural Princess Halo Side Diamonds Engagement Ring SI1-G GIA",2ct-natural-princess-halo-side-diamonds-engagement-ring-si1-g-gia,"12539,12540,12541,12542,12543"
configurable,12544,hal-5459-ps-1ct-si1h-gia,"2ct Natural Princess Halo Pave Diamonds Engagement Ring SI1-H GIA",2ct-natural-princess-halo-pave-diamonds-engagement-ring-si1-h-gia,"12545,12546,12547,12548,12549"
configurable,12550,hal-5459-ps-1ct-si1i-gia,"2ct Natural Princess Halo Pave Diamonds Engagement Ring SI1-I GIA",2ct-natural-princess-halo-pave-diamonds-engagement-ring-si1-i-gia,"12551,12552,12553,12554,12555"
configurable,12560,hal-5463-cu-1ct-si1g-gia,"1.60ct Natural Cushion Halo Pave Diamonds Engagement Ring SI1-G GIA",160ct-natural-cushion-halo-pave-diamonds-engagement-ring-si1-g-gia,"12564,12565,12566,12567,12568"
configurable,12572,hal-5463-cu-1ct-si1h-gia,"1.60ct Natural Cushion Halo Pave Diamonds Engagement Ring SI1-H GIA",160ct-natural-cushion-halo-pave-diamonds-engagement-ring-si1-h-gia,"12573,12574,12575,12576,12577"
configurable,12578,hal-5463-cu-1ct-si1i-gia,"1.60ct Natural Cushion Halo Pave Diamonds Engagement Ring SI1-I GIA",160ct-natural-cushion-halo-pave-diamonds-engagement-ring-si1-g-gia,"12579,12580,12581,12582,12583"
configurable,12613,hal-5464-ra-1ct-vs2f-gia,"1.60ct Natural Radiant Split Pave Diamonds Engagement Ring VS2-F GIA",160ct-natural-radiant-split-pave-diamonds-engagement-ring-vs2-f-gia,"12621,12622,12623,12624,12625"
configurable,12626,hal-5464-ra-1ct-vs2g-gia,"1.60ct Natural Radiant Split Pave Diamonds Engagement Ring VS2-G GIA",160ct-natural-radiant-split-pave-diamonds-engagement-ring-vs2-g-gia,"12627,12628,12629,12630,12631"
configurable,12632,hal-5464-ra-1ct-vs2h-gia,"1.60ct Natural Radiant Split Pave Diamonds Engagement Ring VS2-H GIA",160ct-natural-radiant-split-pave-diamonds-engagement-ring-vs2-h-gia,"12633,12634,12635,12636,12637"
configurable,12639,hal-5039-cu-1ct-si1e-gia,"1.95ct Natural Cushion cut Pave Diamonds Engagement Ring SI1-E GIA",195ct-natural-cushion-cut-pave-diamonds-engagement-ring-si1-e-gia,"12640,12641,12642,12643,12644"
configurable,12645,pav-5193-as-1.5ct-vs2f-gia,"1.85ct Natural Asscher Diamond Pave Engagement Ring VS2-F GIA",185ct-natural-asscher-diamond-pave-engagement-ring-vs2-f-gia,"12647,12648,12649,12650,12651"
configurable,12652,pav-5193-as-1.5ct-vs2g-gia,"1.85ct Natural Asscher Diamond Pave Engagement Ring VS2-G GIA",185ct-natural-asscher-diamond-pave-engagement-ring-vs2-g-gia,"12653,12654,12655,12656,12657"
configurable,12658,pav-5193-as-1.5ct-vs2h-gia,"1.85ct Natural Asscher Diamond Pave Engagement Ring VS2-H GIA",185ct-natural-asscher-diamond-pave-engagement-ring-vs2-h-gia,"12659,12660,12661,12662,12663"
configurable,12678,pav-6149-ps-1ct-si1h-gia,"1.44ctw Princess Celtic Knot Pave Natural Diamonds Engagement Ring SI1-H GIA",1-44ctw-princess-celtic-knot-pave-natural-diamonds-engagement-ring-si1-h-gia,"12679,12680,12681,12685,12686"
configurable,12687,pav-6149-ps-1ct-si1i-gia,"1.44ctw Princess Celtic Knot Pave Natural Diamonds Engagement Ring SI1-I GIA",1-44ctw-princess-celtic-knot-pave-natural-diamonds-engagement-ring-si1-i-gia,"12688,12689,12690,12691,12692"
configurable,12693,pav-6149-rd-1ct-si1g-gia,"1.44ctw Round Celtic Knot Pave Natural Diamonds Engagement Ring SI1-G GIA",1-44ctw-round-celtic-knot-pave-natural-diamonds-engagement-ring-si1-g-gia,"12695,12696,12697,12698,12699"
configurable,12700,pav-6149-rd-1ct-si1h-gia,"1.44ctw Round Celtic Knot Pave Natural Diamonds Engagement Ring SI1-H GIA",1-44ctw-round-celtic-knot-pave-natural-diamonds-engagement-ring-si1-h-gia,"12701,12702,12703,12704,12705"
configurable,12706,pav-6149-rd-1ct-si1i-gia,"1.44ctw Round Celtic Knot Pave Natural Diamonds Engagement Ring SI1-I GIA",1-44ctw-round-celtic-knot-pave-natural-diamonds-engagement-ring-si1-i-gia,"12707,12708,12709,12710,12711"
configurable,12715,pav-6149-as-1ct-vs2f-gia,"1.44ctw Asscher cut Celtic Pave Natural Diamond Engagement Ring VS2-F GIA",1-44ctw-asscher-cut-celtic-pave-natural-diamond-engagement-ring-vs2-f-gia,"12716,12717,12718,12719,12720"
configurable,12721,pav-6149-as-1ct-vs2g-gia,"1.44ctw Asscher cut Celtic Knot Natural Diamond Engagement Ring VS2-G GIA",1-44ctw-asscher-cut-celtic-knot-natural-diamond-engagement-ring-vs2-g-gia,"12722,12723,12724,12725"
configurable,12726,pav-6149-as-1ct-vs2h-gia,"1.44ct Natural Asscher cut Celtic Look Diamond Engagement Ring VS2-H GIA",1-44ct-natural-asscher-cut-celtic-look-diamond-engagement-ring-vs2-h-gia,"12727,12728,12729,12730,12731"
configurable,12733,pav-6149-ov-1ct-vs1f-gia,"1.44ct Natural Oval cut Celtic Knot Diamond Engagement Ring VS1-F GIA",1-44ct-natural-oval-cut-celtic-knot-diamond-engagement-ring-vs1-f-gia,"12734,12735,12736,12737,12738"
configurable,12739,pav-6149-ov-1ct-vs1g-gia,"1.44ct Natural Oval cut Celtic Knot Diamond Engagement Ring VS1-G GIA",1-44ct-natural-oval-cut-celtic-knot-diamond-engagement-ring-vs1-g-gia,"12740,12741,12742,12743,12744"
configurable,12745,pav-6149-ov-1ct-vs1h-gia,"1.44ct Natural Oval cut Celtic Knot Diamond Engagement Ring VS1-H GIA",1-44ct-natural-oval-cut-celtic-knot-diamond-engagement-ring-vs1-h-gia,"12746,12747,12748,12749,12750"
configurable,12752,hal-5340-cu-1ct-vs2f-gia,"1.89ct Natural Cushion Vintage Halo Diamond Engagement Ring VS2-F GIA",189ct-natural-cushion-vintage-halo-diamond-engagement-ring-vs2-f-gia,"12753,12754,12755,12756,12757"
configurable,12758,hal-5340-cu-1ct-vs2g-gia,"1.89ct Natural Cushion Halo Pave Diamond Engagement Ring VS2-G GIA",189ct-natural-cushion-halo-pave-diamond-engagement-ring-vs2-g-gia,"12759,12760,12761,12762,12763"
configurable,12764,hal-5340-cu-1ct-vs2h-gia,"1.89ct Natural Cushion Halo Pave Diamond Engagement Ring VS2-H GIA",189ct-natural-cushion-halo-pave-diamond-engagement-ring-vs2-h-gia,"12765,12766,12767,12768,12769"
configurable,12783,tst-cha-3029-em-1ct-vs2f-gia,"2.20ct Natural Emerald cut 3-Stone Diamond Engagement Ring VS2-F GIA",220ct-natural-emerald-cut-3-stone-diamond-engagement-ring-vs2-f-gia,"12784,12785,12786,12787,12788"
configurable,12789,tst-cha-3029-em-1ct-vs2g-gia,"2.20ct Natural Emerald cut 3-Stone Diamond Engagement Ring VS2-G GIA",220ct-natural-emerald-cut-3-stone-diamond-engagement-ring-vs2-g-gia,"12793,12794,12795,12796,12797"
configurable,12798,tst-cha-3029-em-1ct-vs2h-gia,"2.20ct Natural Emerald cut 3-Stone Diamond Engagement Ring VS2-H GIA",220ct-natural-emerald-cut-3-stone-diamond-engagement-ring-vs2-h-gia,"12799,12800,12801,12802,12803"
configurable,12809,hal-pav-3000-ra-1.2ct-vs2g-gia,"2.20ct Natural Asscher Micro-pave Diamond Engagement Ring VS2-G GIA",220ct-natural-asscher-micro-pave-diamond-engagement-ring-vs2-g-gia,"12810,12811,12812,12813,12814"
configurable,12815,hal-pav-3000-ra-1.2ct-vs2h-gia,"2.20ct Natural Asscher Micro-pave Diamond Engagement Ring VS2-H GIA",220ct-natural-asscher-micro-pave-diamond-engagement-ring-vs2-h-gia,"12816,12817,12818,12819,12820"
configurable,12821,hal-pav-3000-ra-1.2ct-vs2i-gia,"2.20ct Natural Asscher Micro-pave Diamond Engagement Ring VS2-I GIA",220ct-natural-asscher-micro-pave-diamond-engagement-ring-vs2-i-gia,"12822,12823,12824,12825,12826"
configurable,13560,disabled-13560,"2.40ctw Natural Emerald Bezel Channel Diamond Engagement Ring GIA VS2-I",240ctw-natural-emerald-bezel-channel-diamond-engagement-ring-gia-vs2-i,
